<TICKER>,<PER>,<DATE>,<TIME>,<CLOSE>
YNDX,D,04/06/14,00:00,1170.0000000
YNDX,D,05/06/14,00:00,1145.1000000
YNDX,D,06/06/14,00:00,1163.0000000
YNDX,D,09/06/14,00:00,1172.1000000
YNDX,D,10/06/14,00:00,1170.0000000
YNDX,D,11/06/14,00:00,1179.9000000
YNDX,D,16/06/14,00:00,1165.0000000
YNDX,D,17/06/14,00:00,1185.5000000
YNDX,D,18/06/14,00:00,1182.9000000
YNDX,D,19/06/14,00:00,1168.0000000
YNDX,D,20/06/14,00:00,1175.0000000
YNDX,D,23/06/14,00:00,1196.0000000
YNDX,D,24/06/14,00:00,1191.8000000
YNDX,D,25/06/14,00:00,1176.8000000
YNDX,D,26/06/14,00:00,1185.0000000
YNDX,D,27/06/14,00:00,1185.0000000
YNDX,D,30/06/14,00:00,1218.0000000
YNDX,D,01/07/14,00:00,1218.2000000
YNDX,D,02/07/14,00:00,1200.0000000
YNDX,D,03/07/14,00:00,1192.0000000
YNDX,D,04/07/14,00:00,1186.0000000
YNDX,D,07/07/14,00:00,1160.0000000
YNDX,D,08/07/14,00:00,1113.4000000
YNDX,D,09/07/14,00:00,1094.0000000
YNDX,D,10/07/14,00:00,1077.8000000
YNDX,D,11/07/14,00:00,1099.3000000
YNDX,D,14/07/14,00:00,1118.9000000
YNDX,D,15/07/14,00:00,1114.3000000
YNDX,D,16/07/14,00:00,1106.5000000
YNDX,D,17/07/14,00:00,1088.0000000
YNDX,D,18/07/14,00:00,1072.3000000
YNDX,D,21/07/14,00:00,1047.5000000
YNDX,D,22/07/14,00:00,1060.0000000
YNDX,D,23/07/14,00:00,1056.2000000
YNDX,D,24/07/14,00:00,1077.8000000
YNDX,D,25/07/14,00:00,1075.1000000
YNDX,D,28/07/14,00:00,1055.0000000
YNDX,D,29/07/14,00:00,1116.0000000
YNDX,D,30/07/14,00:00,1120.0000000
YNDX,D,31/07/14,00:00,1087.7000000
YNDX,D,01/08/14,00:00,1062.2000000
YNDX,D,04/08/14,00:00,1089.5000000
YNDX,D,05/08/14,00:00,1094.6000000
YNDX,D,06/08/14,00:00,1060.1000000
YNDX,D,07/08/14,00:00,1054.5000000
YNDX,D,08/08/14,00:00,1033.5000000
YNDX,D,11/08/14,00:00,1053.0000000
YNDX,D,12/08/14,00:00,1052.1000000
YNDX,D,13/08/14,00:00,1054.6000000
YNDX,D,14/08/14,00:00,1053.1000000
YNDX,D,15/08/14,00:00,1041.0000000
YNDX,D,18/08/14,00:00,1032.0000000
YNDX,D,19/08/14,00:00,1089.0000000
YNDX,D,20/08/14,00:00,1109.7000000
YNDX,D,21/08/14,00:00,1089.2000000
YNDX,D,22/08/14,00:00,1050.0000000
YNDX,D,25/08/14,00:00,1061.6000000
YNDX,D,26/08/14,00:00,1056.0000000
YNDX,D,27/08/14,00:00,1062.1000000
YNDX,D,28/08/14,00:00,1055.0000000
YNDX,D,29/08/14,00:00,1050.0000000
YNDX,D,01/09/14,00:00,1055.5000000
YNDX,D,02/09/14,00:00,1087.6000000
YNDX,D,03/09/14,00:00,1116.8000000
YNDX,D,04/09/14,00:00,1119.0000000
YNDX,D,05/09/14,00:00,1159.6000000
YNDX,D,08/09/14,00:00,1173.7000000
YNDX,D,09/09/14,00:00,1157.3000000
YNDX,D,10/09/14,00:00,1149.0000000
YNDX,D,11/09/14,00:00,1149.9000000
YNDX,D,12/09/14,00:00,1173.7000000
YNDX,D,15/09/14,00:00,1230.0000000
YNDX,D,16/09/14,00:00,1176.8000000
YNDX,D,17/09/14,00:00,1174.1000000
YNDX,D,18/09/14,00:00,1164.1000000
YNDX,D,19/09/14,00:00,1148.5000000
YNDX,D,22/09/14,00:00,1135.2000000
YNDX,D,23/09/14,00:00,1125.0000000
YNDX,D,24/09/14,00:00,1130.0000000
YNDX,D,25/09/14,00:00,1154.0000000
YNDX,D,26/09/14,00:00,1162.0000000
YNDX,D,29/09/14,00:00,1131.3000000
YNDX,D,30/09/14,00:00,1130.7000000
YNDX,D,01/10/14,00:00,1091.0000000
YNDX,D,02/10/14,00:00,1035.0000000
YNDX,D,03/10/14,00:00,1078.0000000
YNDX,D,06/10/14,00:00,1082.0000000
YNDX,D,07/10/14,00:00,1069.0000000
YNDX,D,08/10/14,00:00,1036.0000000
YNDX,D,09/10/14,00:00,1037.0000000
YNDX,D,10/10/14,00:00,1011.0000000
YNDX,D,13/10/14,00:00,996.0000000
YNDX,D,14/10/14,00:00,1050.0000000
YNDX,D,15/10/14,00:00,1015.0000000
YNDX,D,16/10/14,00:00,1035.0000000
YNDX,D,17/10/14,00:00,1077.0000000
YNDX,D,20/10/14,00:00,1072.0000000
YNDX,D,21/10/14,00:00,1096.0000000
YNDX,D,22/10/14,00:00,1125.0000000
YNDX,D,23/10/14,00:00,1155.0000000
YNDX,D,24/10/14,00:00,1142.0000000
YNDX,D,27/10/14,00:00,1153.0000000
YNDX,D,28/10/14,00:00,1196.0000000
YNDX,D,29/10/14,00:00,1208.0000000
YNDX,D,30/10/14,00:00,1174.0000000
YNDX,D,31/10/14,00:00,1213.0000000
YNDX,D,03/11/14,00:00,1233.0000000
YNDX,D,05/11/14,00:00,1214.0000000
YNDX,D,06/11/14,00:00,1229.0000000
YNDX,D,07/11/14,00:00,1233.0000000
YNDX,D,10/11/14,00:00,1214.0000000
YNDX,D,11/11/14,00:00,1221.0000000
YNDX,D,12/11/14,00:00,1221.0000000
YNDX,D,13/11/14,00:00,1230.0000000
YNDX,D,14/11/14,00:00,1224.0000000
YNDX,D,17/11/14,00:00,1230.0000000
YNDX,D,18/11/14,00:00,1224.0000000
YNDX,D,19/11/14,00:00,1206.0000000
YNDX,D,20/11/14,00:00,1209.0000000
YNDX,D,21/11/14,00:00,1226.0000000
YNDX,D,24/11/14,00:00,1183.0000000
YNDX,D,25/11/14,00:00,1208.0000000
YNDX,D,26/11/14,00:00,1235.0000000
YNDX,D,27/11/14,00:00,1230.0000000
YNDX,D,28/11/14,00:00,1238.0000000
YNDX,D,01/12/14,00:00,1244.0000000
YNDX,D,02/12/14,00:00,1283.0000000
YNDX,D,03/12/14,00:00,1280.0000000
YNDX,D,04/12/14,00:00,1236.0000000
YNDX,D,05/12/14,00:00,1149.0000000
YNDX,D,08/12/14,00:00,1090.0000000
YNDX,D,09/12/14,00:00,1075.0000000
YNDX,D,10/12/14,00:00,1088.0000000
YNDX,D,11/12/14,00:00,1055.0000000
YNDX,D,12/12/14,00:00,1133.0000000
YNDX,D,15/12/14,00:00,1127.0000000
YNDX,D,16/12/14,00:00,1131.0000000
YNDX,D,17/12/14,00:00,1096.0000000
YNDX,D,18/12/14,00:00,1100.0000000
YNDX,D,19/12/14,00:00,1063.0000000
YNDX,D,22/12/14,00:00,1000.0000000
YNDX,D,23/12/14,00:00,1013.0000000
YNDX,D,24/12/14,00:00,996.0000000
YNDX,D,25/12/14,00:00,1038.0000000
YNDX,D,26/12/14,00:00,991.0000000
YNDX,D,29/12/14,00:00,1028.0000000
YNDX,D,30/12/14,00:00,1025.0000000
YNDX,D,05/01/15,00:00,1079.0000000
YNDX,D,06/01/15,00:00,1092.0000000
YNDX,D,08/01/15,00:00,1094.0000000
YNDX,D,09/01/15,00:00,1098.0000000
YNDX,D,12/01/15,00:00,1113.0000000
YNDX,D,13/01/15,00:00,1153.0000000
YNDX,D,14/01/15,00:00,1177.0000000
YNDX,D,15/01/15,00:00,1175.0000000
YNDX,D,16/01/15,00:00,1165.0000000
YNDX,D,19/01/15,00:00,1165.0000000
YNDX,D,20/01/15,00:00,1122.0000000
YNDX,D,21/01/15,00:00,1083.0000000
YNDX,D,22/01/15,00:00,1106.0000000
YNDX,D,23/01/15,00:00,1117.0000000
YNDX,D,26/01/15,00:00,1121.0000000
YNDX,D,27/01/15,00:00,1095.0000000
YNDX,D,28/01/15,00:00,1081.0000000
YNDX,D,29/01/15,00:00,1075.0000000
YNDX,D,30/01/15,00:00,1075.0000000
YNDX,D,02/02/15,00:00,998.0000000
YNDX,D,03/02/15,00:00,997.0000000
YNDX,D,04/02/15,00:00,1050.0000000
YNDX,D,05/02/15,00:00,1090.0000000
YNDX,D,06/02/15,00:00,1084.0000000
YNDX,D,09/02/15,00:00,1078.0000000
YNDX,D,10/02/15,00:00,1045.0000000
YNDX,D,11/02/15,00:00,1037.0000000
YNDX,D,12/02/15,00:00,1071.0000000
YNDX,D,13/02/15,00:00,1115.0000000
YNDX,D,16/02/15,00:00,1070.0000000
YNDX,D,17/02/15,00:00,1030.0000000
YNDX,D,18/02/15,00:00,1084.0000000
YNDX,D,19/02/15,00:00,1049.0000000
YNDX,D,20/02/15,00:00,1053.0000000
YNDX,D,24/02/15,00:00,1038.0000000
YNDX,D,25/02/15,00:00,1025.0000000
YNDX,D,26/02/15,00:00,1009.0000000
YNDX,D,27/02/15,00:00,1016.0000000
YNDX,D,02/03/15,00:00,1000.0000000
YNDX,D,03/03/15,00:00,1000.0000000
YNDX,D,04/03/15,00:00,996.0000000
YNDX,D,05/03/15,00:00,970.0000000
YNDX,D,06/03/15,00:00,932.0000000
YNDX,D,10/03/15,00:00,885.0000000
YNDX,D,11/03/15,00:00,898.0000000
YNDX,D,12/03/15,00:00,894.0000000
YNDX,D,13/03/15,00:00,880.0000000
YNDX,D,16/03/15,00:00,878.0000000
YNDX,D,17/03/15,00:00,889.0000000
YNDX,D,18/03/15,00:00,877.0000000
YNDX,D,19/03/15,00:00,874.0000000
YNDX,D,20/03/15,00:00,866.0000000
YNDX,D,23/03/15,00:00,874.0000000
YNDX,D,24/03/15,00:00,866.0000000
YNDX,D,25/03/15,00:00,885.0000000
YNDX,D,26/03/15,00:00,880.0000000
YNDX,D,27/03/15,00:00,883.0000000
YNDX,D,30/03/15,00:00,887.0000000
YNDX,D,31/03/15,00:00,893.0000000
YNDX,D,01/04/15,00:00,902.0000000
YNDX,D,02/04/15,00:00,919.0000000
YNDX,D,03/04/15,00:00,940.0000000
YNDX,D,06/04/15,00:00,934.0000000
YNDX,D,07/04/15,00:00,942.0000000
YNDX,D,08/04/15,00:00,946.0000000
YNDX,D,09/04/15,00:00,939.0000000
YNDX,D,10/04/15,00:00,940.0000000
YNDX,D,13/04/15,00:00,941.0000000
YNDX,D,14/04/15,00:00,910.0000000
YNDX,D,15/04/15,00:00,973.0000000
YNDX,D,16/04/15,00:00,1028.0000000
YNDX,D,17/04/15,00:00,1053.0000000
YNDX,D,20/04/15,00:00,1054.0000000
YNDX,D,21/04/15,00:00,1091.0000000
YNDX,D,22/04/15,00:00,1081.0000000
YNDX,D,23/04/15,00:00,1076.0000000
YNDX,D,24/04/15,00:00,1052.0000000
YNDX,D,27/04/15,00:00,1070.0000000
YNDX,D,28/04/15,00:00,986.0000000
YNDX,D,29/04/15,00:00,997.0000000
YNDX,D,30/04/15,00:00,1001.0000000
YNDX,D,05/05/15,00:00,985.0000000
YNDX,D,06/05/15,00:00,1006.0000000
YNDX,D,07/05/15,00:00,968.0000000
YNDX,D,08/05/15,00:00,979.0000000
YNDX,D,12/05/15,00:00,979.0000000
YNDX,D,13/05/15,00:00,944.0000000
YNDX,D,14/05/15,00:00,971.0000000
YNDX,D,15/05/15,00:00,950.0000000
YNDX,D,18/05/15,00:00,944.0000000
YNDX,D,19/05/15,00:00,939.0000000
YNDX,D,20/05/15,00:00,926.0000000
YNDX,D,21/05/15,00:00,935.0000000
YNDX,D,22/05/15,00:00,928.0000000
YNDX,D,25/05/15,00:00,928.0000000
YNDX,D,26/05/15,00:00,923.0000000
YNDX,D,27/05/15,00:00,919.0000000
YNDX,D,28/05/15,00:00,950.0000000
YNDX,D,29/05/15,00:00,941.0000000
YNDX,D,01/06/15,00:00,950.0000000
YNDX,D,02/06/15,00:00,997.0000000
YNDX,D,03/06/15,00:00,980.0000000
YNDX,D,04/06/15,00:00,993.0000000
YNDX,D,05/06/15,00:00,976.0000000
YNDX,D,08/06/15,00:00,977.0000000
YNDX,D,09/06/15,00:00,965.0000000
YNDX,D,10/06/15,00:00,950.0000000
YNDX,D,11/06/15,00:00,950.0000000
YNDX,D,15/06/15,00:00,946.0000000
YNDX,D,16/06/15,00:00,927.0000000
YNDX,D,17/06/15,00:00,930.0000000
YNDX,D,18/06/15,00:00,906.0000000
YNDX,D,19/06/15,00:00,910.0000000
YNDX,D,22/06/15,00:00,881.0000000
YNDX,D,23/06/15,00:00,871.0000000
YNDX,D,24/06/15,00:00,871.0000000
YNDX,D,25/06/15,00:00,866.0000000
YNDX,D,26/06/15,00:00,855.0000000
YNDX,D,29/06/15,00:00,842.0000000
YNDX,D,30/06/15,00:00,848.0000000
YNDX,D,01/07/15,00:00,853.0000000
YNDX,D,02/07/15,00:00,853.0000000
YNDX,D,03/07/15,00:00,857.0000000
YNDX,D,06/07/15,00:00,860.0000000
YNDX,D,07/07/15,00:00,820.0000000
YNDX,D,08/07/15,00:00,845.0000000
YNDX,D,09/07/15,00:00,855.0000000
YNDX,D,10/07/15,00:00,845.0000000
YNDX,D,13/07/15,00:00,857.0000000
YNDX,D,14/07/15,00:00,880.0000000
YNDX,D,15/07/15,00:00,875.0000000
YNDX,D,16/07/15,00:00,873.0000000
YNDX,D,17/07/15,00:00,900.0000000
YNDX,D,20/07/15,00:00,891.0000000
YNDX,D,21/07/15,00:00,889.0000000
YNDX,D,22/07/15,00:00,865.0000000
YNDX,D,23/07/15,00:00,879.0000000
YNDX,D,24/07/15,00:00,867.0000000
YNDX,D,27/07/15,00:00,860.0000000
YNDX,D,28/07/15,00:00,883.0000000
YNDX,D,29/07/15,00:00,903.0000000
YNDX,D,30/07/15,00:00,898.0000000
YNDX,D,31/07/15,00:00,882.0000000
YNDX,D,03/08/15,00:00,866.0000000
YNDX,D,04/08/15,00:00,869.0000000
YNDX,D,05/08/15,00:00,878.0000000
YNDX,D,06/08/15,00:00,850.0000000
YNDX,D,07/08/15,00:00,860.0000000
YNDX,D,10/08/15,00:00,858.0000000
YNDX,D,11/08/15,00:00,851.0000000
YNDX,D,12/08/15,00:00,830.0000000
YNDX,D,13/08/15,00:00,839.0000000
YNDX,D,14/08/15,00:00,831.0000000
YNDX,D,17/08/15,00:00,835.0000000
YNDX,D,18/08/15,00:00,819.0000000
YNDX,D,19/08/15,00:00,799.0000000
YNDX,D,20/08/15,00:00,780.0000000
YNDX,D,21/08/15,00:00,770.0000000
YNDX,D,24/08/15,00:00,738.0000000
YNDX,D,25/08/15,00:00,764.0000000
YNDX,D,26/08/15,00:00,742.0000000
YNDX,D,27/08/15,00:00,776.0000000
YNDX,D,28/08/15,00:00,800.0000000
YNDX,D,31/08/15,00:00,805.0000000
YNDX,D,01/09/15,00:00,782.0000000
YNDX,D,02/09/15,00:00,780.0000000
YNDX,D,03/09/15,00:00,795.0000000
YNDX,D,04/09/15,00:00,790.0000000
YNDX,D,07/09/15,00:00,786.0000000
YNDX,D,08/09/15,00:00,786.0000000
YNDX,D,09/09/15,00:00,787.0000000
YNDX,D,10/09/15,00:00,773.0000000
YNDX,D,11/09/15,00:00,760.0000000
YNDX,D,14/09/15,00:00,809.0000000
YNDX,D,15/09/15,00:00,815.0000000
YNDX,D,16/09/15,00:00,862.0000000
YNDX,D,17/09/15,00:00,860.0000000
YNDX,D,18/09/15,00:00,841.0000000
YNDX,D,21/09/15,00:00,826.0000000
YNDX,D,22/09/15,00:00,775.0000000
YNDX,D,23/09/15,00:00,752.0000000
YNDX,D,24/09/15,00:00,714.0000000
YNDX,D,25/09/15,00:00,714.0000000
YNDX,D,28/09/15,00:00,694.0000000
YNDX,D,29/09/15,00:00,703.0000000
YNDX,D,30/09/15,00:00,713.0000000
YNDX,D,01/10/15,00:00,704.0000000
YNDX,D,02/10/15,00:00,730.0000000
YNDX,D,05/10/15,00:00,775.0000000
YNDX,D,06/10/15,00:00,769.0000000
YNDX,D,07/10/15,00:00,745.0000000
YNDX,D,08/10/15,00:00,736.0000000
YNDX,D,09/10/15,00:00,763.0000000
YNDX,D,12/10/15,00:00,743.0000000
YNDX,D,13/10/15,00:00,814.0000000
YNDX,D,14/10/15,00:00,818.0000000
YNDX,D,15/10/15,00:00,821.0000000
YNDX,D,16/10/15,00:00,813.0000000
YNDX,D,19/10/15,00:00,845.0000000
YNDX,D,20/10/15,00:00,834.0000000
YNDX,D,21/10/15,00:00,822.0000000
YNDX,D,22/10/15,00:00,836.0000000
YNDX,D,23/10/15,00:00,813.0000000
YNDX,D,26/10/15,00:00,838.0000000
YNDX,D,27/10/15,00:00,940.0000000
YNDX,D,28/10/15,00:00,1002.0000000
YNDX,D,29/10/15,00:00,1009.0000000
YNDX,D,30/10/15,00:00,1016.0000000
YNDX,D,02/11/15,00:00,1030.0000000
YNDX,D,03/11/15,00:00,1011.0000000
YNDX,D,05/11/15,00:00,980.0000000
YNDX,D,06/11/15,00:00,994.9000000
YNDX,D,09/11/15,00:00,1012.0000000
YNDX,D,10/11/15,00:00,1027.0000000
YNDX,D,11/11/15,00:00,1040.0000000
YNDX,D,12/11/15,00:00,1020.6000000
YNDX,D,13/11/15,00:00,1001.0000000
YNDX,D,16/11/15,00:00,1015.1000000
YNDX,D,17/11/15,00:00,1059.0000000
YNDX,D,18/11/15,00:00,1094.0000000
YNDX,D,19/11/15,00:00,1086.0000000
YNDX,D,20/11/15,00:00,1111.0000000
YNDX,D,23/11/15,00:00,1129.9000000
YNDX,D,24/11/15,00:00,1092.0000000
YNDX,D,25/11/15,00:00,1127.0000000
YNDX,D,26/11/15,00:00,1117.7000000
YNDX,D,27/11/15,00:00,1074.5000000
YNDX,D,30/11/15,00:00,1094.0000000
YNDX,D,01/12/15,00:00,1086.0000000
YNDX,D,02/12/15,00:00,1104.0000000
YNDX,D,03/12/15,00:00,1099.0000000
YNDX,D,04/12/15,00:00,1087.1000000
YNDX,D,07/12/15,00:00,1060.0000000
YNDX,D,08/12/15,00:00,1038.9000000
YNDX,D,09/12/15,00:00,1050.0000000
YNDX,D,10/12/15,00:00,1030.3000000
YNDX,D,11/12/15,00:00,1037.0000000
YNDX,D,14/12/15,00:00,984.4000000
YNDX,D,15/12/15,00:00,1055.0000000
YNDX,D,16/12/15,00:00,1067.0000000
YNDX,D,17/12/15,00:00,1084.9000000
YNDX,D,18/12/15,00:00,1075.1000000
YNDX,D,21/12/15,00:00,1095.1000000
YNDX,D,22/12/15,00:00,1090.1000000
YNDX,D,23/12/15,00:00,1125.1000000
YNDX,D,24/12/15,00:00,1129.1000000
YNDX,D,25/12/15,00:00,1110.0000000
YNDX,D,28/12/15,00:00,1119.5000000
YNDX,D,29/12/15,00:00,1138.0000000
YNDX,D,30/12/15,00:00,1147.0000000
YNDX,D,04/01/16,00:00,1064.1000000
YNDX,D,05/01/16,00:00,1133.9000000
YNDX,D,06/01/16,00:00,1112.0000000
YNDX,D,11/01/16,00:00,987.0000000
YNDX,D,12/01/16,00:00,999.0000000
YNDX,D,13/01/16,00:00,1006.0000000
YNDX,D,14/01/16,00:00,1009.0000000
YNDX,D,15/01/16,00:00,954.0000000
YNDX,D,18/01/16,00:00,963.0000000
YNDX,D,19/01/16,00:00,954.0000000
YNDX,D,20/01/16,00:00,912.5000000
YNDX,D,21/01/16,00:00,1020.0000000
YNDX,D,22/01/16,00:00,1020.0000000
YNDX,D,25/01/16,00:00,1002.1000000
YNDX,D,26/01/16,00:00,1012.0000000
YNDX,D,27/01/16,00:00,1049.9000000
YNDX,D,28/01/16,00:00,1017.4000000
YNDX,D,29/01/16,00:00,1007.0000000
YNDX,D,01/02/16,00:00,1013.0000000
YNDX,D,02/02/16,00:00,1012.0000000
YNDX,D,03/02/16,00:00,1012.5000000
YNDX,D,04/02/16,00:00,1054.0000000
YNDX,D,05/02/16,00:00,1023.0000000
YNDX,D,08/02/16,00:00,986.0000000
YNDX,D,09/02/16,00:00,992.0000000
YNDX,D,10/02/16,00:00,998.0000000
YNDX,D,11/02/16,00:00,1007.0000000
YNDX,D,12/02/16,00:00,989.0000000
YNDX,D,15/02/16,00:00,1008.0000000
YNDX,D,16/02/16,00:00,1072.0000000
YNDX,D,17/02/16,00:00,1044.0000000
YNDX,D,18/02/16,00:00,1014.0000000
YNDX,D,19/02/16,00:00,989.0000000
YNDX,D,20/02/16,00:00,987.5000000
YNDX,D,22/02/16,00:00,1002.5000000
YNDX,D,24/02/16,00:00,974.5000000
YNDX,D,25/02/16,00:00,982.0000000
YNDX,D,26/02/16,00:00,983.5000000
YNDX,D,29/02/16,00:00,978.0000000
YNDX,D,01/03/16,00:00,989.5000000
YNDX,D,02/03/16,00:00,1003.0000000
YNDX,D,03/03/16,00:00,1018.0000000
YNDX,D,04/03/16,00:00,999.0000000
YNDX,D,07/03/16,00:00,1020.0000000
YNDX,D,09/03/16,00:00,994.0000000
YNDX,D,10/03/16,00:00,978.5000000
YNDX,D,11/03/16,00:00,979.0000000
YNDX,D,14/03/16,00:00,1023.0000000
YNDX,D,15/03/16,00:00,1004.0000000
YNDX,D,16/03/16,00:00,1021.0000000
YNDX,D,17/03/16,00:00,1032.0000000
YNDX,D,18/03/16,00:00,1034.5000000
YNDX,D,21/03/16,00:00,1022.0000000
YNDX,D,22/03/16,00:00,1023.5000000
YNDX,D,23/03/16,00:00,1020.5000000
YNDX,D,24/03/16,00:00,1028.0000000
YNDX,D,25/03/16,00:00,1032.5000000
YNDX,D,28/03/16,00:00,1013.0000000
YNDX,D,29/03/16,00:00,1036.0000000
YNDX,D,30/03/16,00:00,1041.5000000
YNDX,D,31/03/16,00:00,1022.0000000
YNDX,D,01/04/16,00:00,1028.0000000
YNDX,D,04/04/16,00:00,1033.0000000
YNDX,D,05/04/16,00:00,1039.0000000
YNDX,D,06/04/16,00:00,1041.0000000
YNDX,D,07/04/16,00:00,1060.0000000
YNDX,D,08/04/16,00:00,1018.0000000
YNDX,D,11/04/16,00:00,1045.0000000
YNDX,D,12/04/16,00:00,1088.5000000
YNDX,D,13/04/16,00:00,1127.0000000
YNDX,D,14/04/16,00:00,1109.5000000
YNDX,D,15/04/16,00:00,1109.0000000
YNDX,D,18/04/16,00:00,1130.0000000
YNDX,D,19/04/16,00:00,1148.0000000
YNDX,D,20/04/16,00:00,1186.0000000
YNDX,D,21/04/16,00:00,1200.0000000
YNDX,D,22/04/16,00:00,1196.0000000
YNDX,D,25/04/16,00:00,1176.5000000
YNDX,D,26/04/16,00:00,1173.0000000
YNDX,D,27/04/16,00:00,1194.0000000
YNDX,D,28/04/16,00:00,1300.0000000
YNDX,D,29/04/16,00:00,1301.0000000
YNDX,D,04/05/16,00:00,1337.5000000
YNDX,D,05/05/16,00:00,1316.5000000
YNDX,D,06/05/16,00:00,1291.0000000
YNDX,D,10/05/16,00:00,1291.5000000
YNDX,D,11/05/16,00:00,1286.0000000
YNDX,D,12/05/16,00:00,1277.0000000
YNDX,D,13/05/16,00:00,1276.5000000
YNDX,D,16/05/16,00:00,1297.0000000
YNDX,D,17/05/16,00:00,1278.5000000
YNDX,D,18/05/16,00:00,1267.5000000
YNDX,D,19/05/16,00:00,1261.0000000
YNDX,D,20/05/16,00:00,1278.0000000
YNDX,D,23/05/16,00:00,1288.0000000
YNDX,D,24/05/16,00:00,1289.5000000
YNDX,D,25/05/16,00:00,1305.0000000
YNDX,D,26/05/16,00:00,1303.5000000
YNDX,D,27/05/16,00:00,1311.0000000
YNDX,D,30/05/16,00:00,1317.5000000
YNDX,D,31/05/16,00:00,1357.0000000
YNDX,D,01/06/16,00:00,1369.5000000
YNDX,D,02/06/16,00:00,1371.0000000
YNDX,D,03/06/16,00:00,1370.0000000
YNDX,D,06/06/16,00:00,1399.0000000
YNDX,D,07/06/16,00:00,1413.0000000
YNDX,D,08/06/16,00:00,1450.0000000
YNDX,D,09/06/16,00:00,1464.0000000
YNDX,D,10/06/16,00:00,1430.0000000
YNDX,D,14/06/16,00:00,1375.5000000
YNDX,D,15/06/16,00:00,1408.5000000
YNDX,D,16/06/16,00:00,1380.0000000
YNDX,D,17/06/16,00:00,1406.0000000
YNDX,D,20/06/16,00:00,1418.5000000
YNDX,D,21/06/16,00:00,1377.0000000
YNDX,D,22/06/16,00:00,1407.0000000
YNDX,D,23/06/16,00:00,1428.0000000
YNDX,D,24/06/16,00:00,1379.5000000
YNDX,D,27/06/16,00:00,1291.0000000
YNDX,D,28/06/16,00:00,1336.0000000
YNDX,D,29/06/16,00:00,1372.5000000
YNDX,D,30/06/16,00:00,1399.0000000
YNDX,D,01/07/16,00:00,1403.0000000
YNDX,D,04/07/16,00:00,1390.0000000
YNDX,D,05/07/16,00:00,1383.0000000
YNDX,D,06/07/16,00:00,1373.5000000
YNDX,D,07/07/16,00:00,1390.0000000
YNDX,D,08/07/16,00:00,1413.0000000
YNDX,D,11/07/16,00:00,1407.0000000
YNDX,D,12/07/16,00:00,1473.0000000
YNDX,D,13/07/16,00:00,1403.0000000
YNDX,D,14/07/16,00:00,1391.0000000
YNDX,D,15/07/16,00:00,1373.5000000
YNDX,D,18/07/16,00:00,1354.0000000
YNDX,D,19/07/16,00:00,1345.5000000
YNDX,D,20/07/16,00:00,1360.0000000
YNDX,D,21/07/16,00:00,1376.0000000
YNDX,D,22/07/16,00:00,1387.5000000
YNDX,D,25/07/16,00:00,1377.5000000
YNDX,D,26/07/16,00:00,1404.0000000
YNDX,D,27/07/16,00:00,1419.0000000
YNDX,D,28/07/16,00:00,1485.5000000
YNDX,D,29/07/16,00:00,1442.0000000
YNDX,D,01/08/16,00:00,1438.5000000
YNDX,D,02/08/16,00:00,1416.0000000
YNDX,D,03/08/16,00:00,1409.0000000
YNDX,D,04/08/16,00:00,1417.0000000
YNDX,D,05/08/16,00:00,1429.0000000
YNDX,D,08/08/16,00:00,1420.0000000
YNDX,D,09/08/16,00:00,1447.0000000
YNDX,D,10/08/16,00:00,1447.0000000
YNDX,D,11/08/16,00:00,1485.0000000
YNDX,D,12/08/16,00:00,1506.0000000
YNDX,D,15/08/16,00:00,1498.0000000
YNDX,D,16/08/16,00:00,1491.0000000
YNDX,D,17/08/16,00:00,1459.0000000
YNDX,D,18/08/16,00:00,1451.0000000
YNDX,D,19/08/16,00:00,1445.5000000
YNDX,D,22/08/16,00:00,1441.0000000
YNDX,D,23/08/16,00:00,1449.0000000
YNDX,D,24/08/16,00:00,1453.0000000
YNDX,D,25/08/16,00:00,1444.5000000
YNDX,D,26/08/16,00:00,1447.0000000
YNDX,D,29/08/16,00:00,1442.0000000
YNDX,D,30/08/16,00:00,1437.5000000
YNDX,D,31/08/16,00:00,1428.0000000
YNDX,D,01/09/16,00:00,1464.0000000
YNDX,D,02/09/16,00:00,1463.0000000
YNDX,D,05/09/16,00:00,1455.5000000
YNDX,D,06/09/16,00:00,1441.0000000
YNDX,D,07/09/16,00:00,1418.0000000
YNDX,D,08/09/16,00:00,1409.0000000
YNDX,D,09/09/16,00:00,1370.0000000
YNDX,D,12/09/16,00:00,1350.0000000
YNDX,D,13/09/16,00:00,1326.0000000
YNDX,D,14/09/16,00:00,1321.5000000
YNDX,D,15/09/16,00:00,1319.5000000
YNDX,D,16/09/16,00:00,1335.0000000
YNDX,D,19/09/16,00:00,1341.0000000
YNDX,D,20/09/16,00:00,1341.0000000
YNDX,D,21/09/16,00:00,1348.5000000
YNDX,D,22/09/16,00:00,1401.0000000
YNDX,D,23/09/16,00:00,1398.5000000
YNDX,D,26/09/16,00:00,1370.0000000
YNDX,D,27/09/16,00:00,1353.0000000
YNDX,D,28/09/16,00:00,1355.0000000
YNDX,D,29/09/16,00:00,1353.0000000
YNDX,D,30/09/16,00:00,1341.0000000
YNDX,D,03/10/16,00:00,1356.0000000
YNDX,D,04/10/16,00:00,1346.0000000
YNDX,D,05/10/16,00:00,1371.0000000
YNDX,D,06/10/16,00:00,1376.5000000
YNDX,D,07/10/16,00:00,1367.0000000
YNDX,D,10/10/16,00:00,1352.5000000
YNDX,D,11/10/16,00:00,1350.5000000
YNDX,D,12/10/16,00:00,1290.0000000
YNDX,D,13/10/16,00:00,1231.0000000
YNDX,D,14/10/16,00:00,1212.0000000
YNDX,D,17/10/16,00:00,1186.0000000
YNDX,D,18/10/16,00:00,1228.5000000
YNDX,D,19/10/16,00:00,1238.5000000
YNDX,D,20/10/16,00:00,1234.0000000
YNDX,D,21/10/16,00:00,1213.5000000
YNDX,D,24/10/16,00:00,1221.0000000
YNDX,D,25/10/16,00:00,1222.5000000
YNDX,D,26/10/16,00:00,1194.5000000
YNDX,D,27/10/16,00:00,1261.0000000
YNDX,D,28/10/16,00:00,1270.0000000
YNDX,D,31/10/16,00:00,1256.0000000
YNDX,D,01/11/16,00:00,1243.5000000
YNDX,D,02/11/16,00:00,1212.0000000
YNDX,D,03/11/16,00:00,1190.0000000
YNDX,D,07/11/16,00:00,1196.0000000
YNDX,D,08/11/16,00:00,1197.0000000
YNDX,D,09/11/16,00:00,1234.0000000
YNDX,D,10/11/16,00:00,1240.5000000
YNDX,D,11/11/16,00:00,1225.0000000
YNDX,D,14/11/16,00:00,1195.0000000
YNDX,D,15/11/16,00:00,1170.0000000
YNDX,D,16/11/16,00:00,1164.0000000
YNDX,D,17/11/16,00:00,1150.0000000
YNDX,D,18/11/16,00:00,1203.5000000
YNDX,D,21/11/16,00:00,1201.0000000
YNDX,D,22/11/16,00:00,1177.0000000
YNDX,D,23/11/16,00:00,1228.0000000
YNDX,D,24/11/16,00:00,1228.5000000
YNDX,D,25/11/16,00:00,1221.5000000
YNDX,D,28/11/16,00:00,1213.0000000
YNDX,D,29/11/16,00:00,1215.0000000
YNDX,D,30/11/16,00:00,1201.5000000
YNDX,D,01/12/16,00:00,1217.0000000
YNDX,D,02/12/16,00:00,1197.5000000
YNDX,D,05/12/16,00:00,1199.0000000
YNDX,D,06/12/16,00:00,1231.0000000
YNDX,D,07/12/16,00:00,1243.0000000
YNDX,D,08/12/16,00:00,1252.0000000
YNDX,D,09/12/16,00:00,1248.0000000
YNDX,D,12/12/16,00:00,1239.0000000
YNDX,D,13/12/16,00:00,1277.0000000
YNDX,D,14/12/16,00:00,1282.5000000
YNDX,D,15/12/16,00:00,1292.0000000
YNDX,D,16/12/16,00:00,1263.0000000
YNDX,D,19/12/16,00:00,1255.0000000
YNDX,D,20/12/16,00:00,1267.0000000
YNDX,D,21/12/16,00:00,1245.0000000
YNDX,D,22/12/16,00:00,1246.0000000
YNDX,D,23/12/16,00:00,1252.0000000
YNDX,D,26/12/16,00:00,1245.0000000
YNDX,D,27/12/16,00:00,1237.0000000
YNDX,D,28/12/16,00:00,1228.0000000
YNDX,D,29/12/16,00:00,1241.0000000
YNDX,D,30/12/16,00:00,1247.5000000
YNDX,D,03/01/17,00:00,1241.0000000
YNDX,D,04/01/17,00:00,1239.0000000
YNDX,D,05/01/17,00:00,1252.0000000
YNDX,D,06/01/17,00:00,1291.0000000
YNDX,D,09/01/17,00:00,1317.0000000
YNDX,D,10/01/17,00:00,1319.5000000
YNDX,D,11/01/17,00:00,1299.0000000
YNDX,D,12/01/17,00:00,1271.5000000
YNDX,D,13/01/17,00:00,1286.5000000
YNDX,D,16/01/17,00:00,1305.0000000
YNDX,D,17/01/17,00:00,1303.0000000
YNDX,D,18/01/17,00:00,1299.0000000
YNDX,D,19/01/17,00:00,1307.0000000
YNDX,D,20/01/17,00:00,1315.0000000
YNDX,D,23/01/17,00:00,1295.0000000
YNDX,D,24/01/17,00:00,1349.0000000
YNDX,D,25/01/17,00:00,1381.0000000
YNDX,D,26/01/17,00:00,1411.0000000
YNDX,D,27/01/17,00:00,1418.5000000
YNDX,D,30/01/17,00:00,1370.0000000
YNDX,D,31/01/17,00:00,1379.0000000
YNDX,D,01/02/17,00:00,1384.0000000
YNDX,D,02/02/17,00:00,1370.0000000
YNDX,D,03/02/17,00:00,1387.0000000
YNDX,D,06/02/17,00:00,1357.5000000
YNDX,D,07/02/17,00:00,1382.0000000
YNDX,D,08/02/17,00:00,1350.0000000
YNDX,D,09/02/17,00:00,1356.5000000
YNDX,D,10/02/17,00:00,1345.0000000
YNDX,D,13/02/17,00:00,1335.0000000
YNDX,D,14/02/17,00:00,1312.0000000
YNDX,D,15/02/17,00:00,1316.0000000
YNDX,D,16/02/17,00:00,1401.0000000
YNDX,D,17/02/17,00:00,1425.0000000
YNDX,D,20/02/17,00:00,1425.0000000
YNDX,D,21/02/17,00:00,1395.0000000
YNDX,D,22/02/17,00:00,1399.0000000
YNDX,D,24/02/17,00:00,1368.5000000
YNDX,D,27/02/17,00:00,1354.0000000
YNDX,D,28/02/17,00:00,1330.0000000
YNDX,D,01/03/17,00:00,1334.0000000
YNDX,D,02/03/17,00:00,1358.5000000
YNDX,D,03/03/17,00:00,1370.0000000
YNDX,D,06/03/17,00:00,1359.0000000
YNDX,D,07/03/17,00:00,1364.0000000
YNDX,D,09/03/17,00:00,1359.5000000
YNDX,D,10/03/17,00:00,1360.0000000
YNDX,D,13/03/17,00:00,1366.5000000
YNDX,D,14/03/17,00:00,1357.0000000
YNDX,D,15/03/17,00:00,1341.0000000
YNDX,D,16/03/17,00:00,1375.0000000
YNDX,D,17/03/17,00:00,1354.0000000
YNDX,D,20/03/17,00:00,1347.0000000
YNDX,D,21/03/17,00:00,1311.0000000
YNDX,D,22/03/17,00:00,1291.0000000
YNDX,D,23/03/17,00:00,1288.0000000
YNDX,D,24/03/17,00:00,1280.0000000
YNDX,D,27/03/17,00:00,1261.0000000
YNDX,D,28/03/17,00:00,1275.0000000
YNDX,D,29/03/17,00:00,1262.0000000
YNDX,D,30/03/17,00:00,1247.5000000
YNDX,D,31/03/17,00:00,1245.5000000
YNDX,D,03/04/17,00:00,1242.0000000
YNDX,D,04/04/17,00:00,1239.0000000
YNDX,D,05/04/17,00:00,1298.0000000
YNDX,D,06/04/17,00:00,1289.0000000
YNDX,D,07/04/17,00:00,1260.0000000
YNDX,D,10/04/17,00:00,1249.5000000
YNDX,D,11/04/17,00:00,1251.0000000
YNDX,D,12/04/17,00:00,1284.0000000
YNDX,D,13/04/17,00:00,1289.0000000
YNDX,D,14/04/17,00:00,1268.5000000
YNDX,D,17/04/17,00:00,1367.5000000
YNDX,D,18/04/17,00:00,1336.5000000
YNDX,D,19/04/17,00:00,1329.5000000
YNDX,D,20/04/17,00:00,1328.0000000
YNDX,D,21/04/17,00:00,1310.0000000
YNDX,D,24/04/17,00:00,1317.0000000
YNDX,D,25/04/17,00:00,1338.0000000
YNDX,D,26/04/17,00:00,1404.0000000
YNDX,D,27/04/17,00:00,1520.0000000
YNDX,D,28/04/17,00:00,1534.5000000
YNDX,D,02/05/17,00:00,1549.0000000
YNDX,D,03/05/17,00:00,1528.0000000
YNDX,D,04/05/17,00:00,1581.0000000
YNDX,D,05/05/17,00:00,1570.0000000
YNDX,D,10/05/17,00:00,1590.0000000
YNDX,D,11/05/17,00:00,1562.5000000
YNDX,D,12/05/17,00:00,1592.0000000
YNDX,D,15/05/17,00:00,1619.0000000
YNDX,D,16/05/17,00:00,1611.0000000
YNDX,D,17/05/17,00:00,1608.0000000
YNDX,D,18/05/17,00:00,1565.0000000
YNDX,D,19/05/17,00:00,1614.5000000
YNDX,D,22/05/17,00:00,1608.0000000
YNDX,D,23/05/17,00:00,1611.5000000
YNDX,D,24/05/17,00:00,1611.0000000
YNDX,D,25/05/17,00:00,1584.0000000
YNDX,D,26/05/17,00:00,1568.0000000
YNDX,D,29/05/17,00:00,1573.5000000
YNDX,D,30/05/17,00:00,1552.0000000
YNDX,D,31/05/17,00:00,1505.0000000
YNDX,D,01/06/17,00:00,1520.5000000
YNDX,D,02/06/17,00:00,1478.0000000
YNDX,D,05/06/17,00:00,1525.0000000
YNDX,D,06/06/17,00:00,1524.5000000
YNDX,D,07/06/17,00:00,1526.0000000
YNDX,D,08/06/17,00:00,1521.5000000
YNDX,D,09/06/17,00:00,1541.5000000
YNDX,D,13/06/17,00:00,1480.0000000
YNDX,D,14/06/17,00:00,1482.5000000
YNDX,D,15/06/17,00:00,1495.5000000
YNDX,D,16/06/17,00:00,1464.5000000
YNDX,D,19/06/17,00:00,1541.0000000
YNDX,D,20/06/17,00:00,1554.0000000
YNDX,D,21/06/17,00:00,1585.0000000
YNDX,D,22/06/17,00:00,1618.0000000
YNDX,D,23/06/17,00:00,1616.5000000
YNDX,D,26/06/17,00:00,1608.0000000
YNDX,D,27/06/17,00:00,1582.5000000
YNDX,D,28/06/17,00:00,1612.0000000
YNDX,D,29/06/17,00:00,1588.0000000
YNDX,D,30/06/17,00:00,1536.0000000
YNDX,D,03/07/17,00:00,1560.0000000
YNDX,D,04/07/17,00:00,1566.5000000
YNDX,D,05/07/17,00:00,1558.5000000
YNDX,D,06/07/17,00:00,1564.0000000
YNDX,D,07/07/17,00:00,1578.5000000
YNDX,D,10/07/17,00:00,1594.0000000
YNDX,D,11/07/17,00:00,1612.0000000
YNDX,D,12/07/17,00:00,1632.0000000
YNDX,D,13/07/17,00:00,1898.5000000
YNDX,D,14/07/17,00:00,1867.0000000
YNDX,D,17/07/17,00:00,1866.0000000
YNDX,D,18/07/17,00:00,1867.0000000
YNDX,D,19/07/17,00:00,1849.0000000
YNDX,D,20/07/17,00:00,1845.0000000
YNDX,D,21/07/17,00:00,1856.0000000
YNDX,D,24/07/17,00:00,1916.0000000
YNDX,D,25/07/17,00:00,1906.0000000
YNDX,D,26/07/17,00:00,1899.5000000
YNDX,D,27/07/17,00:00,1888.5000000
YNDX,D,28/07/17,00:00,1754.5000000
YNDX,D,31/07/17,00:00,1743.0000000
YNDX,D,01/08/17,00:00,1746.5000000
YNDX,D,02/08/17,00:00,1719.0000000
YNDX,D,03/08/17,00:00,1744.0000000
YNDX,D,04/08/17,00:00,1770.5000000
YNDX,D,07/08/17,00:00,1795.5000000
YNDX,D,08/08/17,00:00,1792.5000000
YNDX,D,09/08/17,00:00,1835.5000000
YNDX,D,10/08/17,00:00,1786.0000000
YNDX,D,11/08/17,00:00,1731.5000000
YNDX,D,14/08/17,00:00,1765.5000000
YNDX,D,15/08/17,00:00,1798.0000000
YNDX,D,16/08/17,00:00,1818.0000000
YNDX,D,17/08/17,00:00,1832.0000000
YNDX,D,18/08/17,00:00,1785.0000000
YNDX,D,21/08/17,00:00,1769.0000000
YNDX,D,22/08/17,00:00,1756.0000000
YNDX,D,23/08/17,00:00,1765.0000000
YNDX,D,24/08/17,00:00,1768.0000000
YNDX,D,25/08/17,00:00,1757.0000000
YNDX,D,28/08/17,00:00,1725.5000000
YNDX,D,29/08/17,00:00,1743.0000000
YNDX,D,30/08/17,00:00,1728.5000000
YNDX,D,31/08/17,00:00,1752.0000000
YNDX,D,01/09/17,00:00,1820.0000000
YNDX,D,04/09/17,00:00,1833.0000000
YNDX,D,05/09/17,00:00,1863.0000000
YNDX,D,06/09/17,00:00,1843.0000000
YNDX,D,07/09/17,00:00,1820.0000000
YNDX,D,08/09/17,00:00,1865.5000000
YNDX,D,11/09/17,00:00,1867.0000000
YNDX,D,12/09/17,00:00,1903.5000000
YNDX,D,13/09/17,00:00,1876.0000000
YNDX,D,14/09/17,00:00,1858.0000000
YNDX,D,15/09/17,00:00,1895.0000000
YNDX,D,18/09/17,00:00,1893.5000000
YNDX,D,19/09/17,00:00,1872.5000000
YNDX,D,20/09/17,00:00,1872.0000000
YNDX,D,21/09/17,00:00,1872.0000000
YNDX,D,22/09/17,00:00,1922.0000000
YNDX,D,25/09/17,00:00,1853.0000000
YNDX,D,26/09/17,00:00,1848.0000000
YNDX,D,27/09/17,00:00,1867.0000000
YNDX,D,28/09/17,00:00,1856.5000000
YNDX,D,29/09/17,00:00,1873.0000000
YNDX,D,02/10/17,00:00,1906.5000000
YNDX,D,03/10/17,00:00,1961.0000000
YNDX,D,04/10/17,00:00,1942.5000000
YNDX,D,05/10/17,00:00,1925.0000000
YNDX,D,06/10/17,00:00,1893.0000000
YNDX,D,09/10/17,00:00,1920.0000000
YNDX,D,10/10/17,00:00,1840.0000000
YNDX,D,11/10/17,00:00,1855.5000000
YNDX,D,12/10/17,00:00,1863.0000000
YNDX,D,13/10/17,00:00,1858.0000000
YNDX,D,16/10/17,00:00,1832.0000000
YNDX,D,17/10/17,00:00,1833.0000000
YNDX,D,18/10/17,00:00,1852.0000000
YNDX,D,19/10/17,00:00,1839.5000000
YNDX,D,20/10/17,00:00,1796.0000000
YNDX,D,23/10/17,00:00,1799.0000000
YNDX,D,24/10/17,00:00,1889.0000000
YNDX,D,25/10/17,00:00,1855.0000000
YNDX,D,26/10/17,00:00,1896.0000000
YNDX,D,27/10/17,00:00,1921.0000000
YNDX,D,30/10/17,00:00,1898.0000000
YNDX,D,31/10/17,00:00,1950.0000000
YNDX,D,01/11/17,00:00,1991.5000000
YNDX,D,02/11/17,00:00,1932.0000000
YNDX,D,03/11/17,00:00,1965.0000000
YNDX,D,07/11/17,00:00,1950.5000000
YNDX,D,08/11/17,00:00,1935.5000000
YNDX,D,09/11/17,00:00,1890.0000000
YNDX,D,10/11/17,00:00,1856.5000000
YNDX,D,13/11/17,00:00,1860.0000000
YNDX,D,14/11/17,00:00,1890.0000000
YNDX,D,15/11/17,00:00,1873.0000000
YNDX,D,16/11/17,00:00,1925.5000000
YNDX,D,17/11/17,00:00,1949.5000000
YNDX,D,20/11/17,00:00,2002.5000000
YNDX,D,21/11/17,00:00,2038.0000000
YNDX,D,22/11/17,00:00,1975.0000000
YNDX,D,23/11/17,00:00,1987.5000000
YNDX,D,24/11/17,00:00,2025.0000000
YNDX,D,27/11/17,00:00,2017.0000000
YNDX,D,28/11/17,00:00,1991.5000000
YNDX,D,29/11/17,00:00,1957.0000000
YNDX,D,30/11/17,00:00,1940.5000000
YNDX,D,01/12/17,00:00,1931.5000000
YNDX,D,04/12/17,00:00,1907.0000000
YNDX,D,05/12/17,00:00,1899.0000000
YNDX,D,06/12/17,00:00,1900.0000000
YNDX,D,07/12/17,00:00,1949.5000000
YNDX,D,08/12/17,00:00,1957.0000000
YNDX,D,11/12/17,00:00,1997.5000000
YNDX,D,12/12/17,00:00,1954.0000000
YNDX,D,13/12/17,00:00,1938.0000000
YNDX,D,14/12/17,00:00,1919.0000000
YNDX,D,15/12/17,00:00,1895.0000000
YNDX,D,18/12/17,00:00,1892.0000000
YNDX,D,19/12/17,00:00,1902.0000000
YNDX,D,20/12/17,00:00,1873.5000000
YNDX,D,21/12/17,00:00,1884.0000000
YNDX,D,22/12/17,00:00,1832.0000000
YNDX,D,25/12/17,00:00,1847.0000000
YNDX,D,26/12/17,00:00,1840.0000000
YNDX,D,27/12/17,00:00,1865.0000000
YNDX,D,28/12/17,00:00,1883.5000000
YNDX,D,29/12/17,00:00,1894.0000000
YNDX,D,03/01/18,00:00,1943.5000000
YNDX,D,04/01/18,00:00,1978.0000000
YNDX,D,05/01/18,00:00,1942.5000000
YNDX,D,09/01/18,00:00,1963.0000000
YNDX,D,10/01/18,00:00,1972.0000000
YNDX,D,11/01/18,00:00,1963.0000000
YNDX,D,12/01/18,00:00,1955.0000000
YNDX,D,15/01/18,00:00,1970.0000000
YNDX,D,16/01/18,00:00,1992.5000000
YNDX,D,17/01/18,00:00,2035.0000000
YNDX,D,18/01/18,00:00,2099.0000000
YNDX,D,19/01/18,00:00,2098.5000000
YNDX,D,22/01/18,00:00,2118.5000000
YNDX,D,23/01/18,00:00,2145.0000000
YNDX,D,24/01/18,00:00,2138.0000000
YNDX,D,25/01/18,00:00,2134.0000000
YNDX,D,26/01/18,00:00,2176.0000000
YNDX,D,29/01/18,00:00,2197.5000000
YNDX,D,30/01/18,00:00,2150.0000000
YNDX,D,31/01/18,00:00,2179.0000000
YNDX,D,01/02/18,00:00,2202.0000000
YNDX,D,02/02/18,00:00,2150.0000000
YNDX,D,05/02/18,00:00,2150.0000000
YNDX,D,06/02/18,00:00,2054.5000000
YNDX,D,07/02/18,00:00,2140.5000000
YNDX,D,08/02/18,00:00,2159.0000000
YNDX,D,09/02/18,00:00,2086.5000000
YNDX,D,12/02/18,00:00,2127.0000000
YNDX,D,13/02/18,00:00,2135.0000000
YNDX,D,14/02/18,00:00,2200.0000000
YNDX,D,15/02/18,00:00,2283.5000000
YNDX,D,16/02/18,00:00,2371.5000000
YNDX,D,19/02/18,00:00,2416.5000000
YNDX,D,20/02/18,00:00,2413.0000000
YNDX,D,21/02/18,00:00,2473.5000000
YNDX,D,22/02/18,00:00,2435.5000000
YNDX,D,26/02/18,00:00,2383.0000000
YNDX,D,27/02/18,00:00,2386.0000000
YNDX,D,28/02/18,00:00,2343.5000000
YNDX,D,01/03/18,00:00,2310.0000000
YNDX,D,02/03/18,00:00,2280.5000000
YNDX,D,05/03/18,00:00,2347.5000000
YNDX,D,06/03/18,00:00,2389.5000000
YNDX,D,07/03/18,00:00,2427.5000000
YNDX,D,09/03/18,00:00,2469.0000000
YNDX,D,12/03/18,00:00,2450.0000000
YNDX,D,13/03/18,00:00,2415.0000000
YNDX,D,14/03/18,00:00,2430.5000000
YNDX,D,15/03/18,00:00,2446.0000000
YNDX,D,16/03/18,00:00,2436.0000000
YNDX,D,19/03/18,00:00,2426.0000000
YNDX,D,20/03/18,00:00,2463.0000000
YNDX,D,21/03/18,00:00,2497.5000000
YNDX,D,22/03/18,00:00,2385.0000000
YNDX,D,23/03/18,00:00,2385.5000000
YNDX,D,26/03/18,00:00,2344.0000000
YNDX,D,27/03/18,00:00,2364.0000000
YNDX,D,28/03/18,00:00,2265.0000000
YNDX,D,29/03/18,00:00,2314.0000000
YNDX,D,30/03/18,00:00,2287.0000000
YNDX,D,02/04/18,00:00,2253.0000000
YNDX,D,03/04/18,00:00,2263.0000000
YNDX,D,04/04/18,00:00,2249.5000000
YNDX,D,05/04/18,00:00,2315.0000000
YNDX,D,06/04/18,00:00,2312.0000000
YNDX,D,09/04/18,00:00,2124.0000000
YNDX,D,10/04/18,00:00,2174.5000000
YNDX,D,11/04/18,00:00,2240.0000000
YNDX,D,12/04/18,00:00,2161.5000000
YNDX,D,13/04/18,00:00,2083.5000000
YNDX,D,16/04/18,00:00,2020.5000000
YNDX,D,17/04/18,00:00,2103.5000000
YNDX,D,18/04/18,00:00,2142.0000000
YNDX,D,19/04/18,00:00,2096.5000000
YNDX,D,20/04/18,00:00,2084.5000000
YNDX,D,23/04/18,00:00,2140.5000000
YNDX,D,24/04/18,00:00,2105.5000000
YNDX,D,25/04/18,00:00,2025.0000000
YNDX,D,26/04/18,00:00,2061.0000000
YNDX,D,27/04/18,00:00,2015.5000000
YNDX,D,28/04/18,00:00,2030.0000000
YNDX,D,30/04/18,00:00,2097.5000000
YNDX,D,02/05/18,00:00,2215.0000000
YNDX,D,03/05/18,00:00,2128.0000000
YNDX,D,04/05/18,00:00,2107.0000000
YNDX,D,07/05/18,00:00,2152.5000000
YNDX,D,08/05/18,00:00,2127.5000000
YNDX,D,10/05/18,00:00,2190.0000000
YNDX,D,11/05/18,00:00,2201.0000000
YNDX,D,14/05/18,00:00,2186.0000000
YNDX,D,15/05/18,00:00,2118.5000000
YNDX,D,16/05/18,00:00,2114.0000000
YNDX,D,17/05/18,00:00,2131.0000000
YNDX,D,18/05/18,00:00,2119.5000000
YNDX,D,21/05/18,00:00,2142.0000000
YNDX,D,22/05/18,00:00,2122.5000000
YNDX,D,23/05/18,00:00,2086.5000000
YNDX,D,24/05/18,00:00,2094.0000000
YNDX,D,25/05/18,00:00,2089.0000000
YNDX,D,28/05/18,00:00,2102.5000000
YNDX,D,29/05/18,00:00,2079.0000000
YNDX,D,30/05/18,00:00,2072.0000000
YNDX,D,31/05/18,00:00,2076.5000000
YNDX,D,01/06/18,00:00,2137.0000000
YNDX,D,04/06/18,00:00,2163.5000000
YNDX,D,05/06/18,00:00,2213.0000000
YNDX,D,06/06/18,00:00,2214.0000000
YNDX,D,07/06/18,00:00,2175.0000000
YNDX,D,08/06/18,00:00,2144.0000000
YNDX,D,09/06/18,00:00,2159.0000000
YNDX,D,11/06/18,00:00,2192.5000000
YNDX,D,13/06/18,00:00,2290.5000000
YNDX,D,14/06/18,00:00,2292.0000000
YNDX,D,15/06/18,00:00,2268.0000000
YNDX,D,18/06/18,00:00,2287.0000000
YNDX,D,19/06/18,00:00,2295.0000000
YNDX,D,20/06/18,00:00,2301.5000000
YNDX,D,21/06/18,00:00,2270.5000000
YNDX,D,22/06/18,00:00,2220.0000000
YNDX,D,25/06/18,00:00,2177.0000000
YNDX,D,26/06/18,00:00,2185.0000000
YNDX,D,27/06/18,00:00,2227.5000000
YNDX,D,28/06/18,00:00,2193.5000000
YNDX,D,29/06/18,00:00,2244.0000000
YNDX,D,02/07/18,00:00,2257.5000000
YNDX,D,03/07/18,00:00,2240.5000000
YNDX,D,04/07/18,00:00,2236.0000000
YNDX,D,05/07/18,00:00,2226.0000000
YNDX,D,06/07/18,00:00,2315.0000000
YNDX,D,09/07/18,00:00,2316.5000000
YNDX,D,10/07/18,00:00,2302.5000000
YNDX,D,11/07/18,00:00,2303.0000000
YNDX,D,12/07/18,00:00,2345.0000000
YNDX,D,13/07/18,00:00,2390.0000000
YNDX,D,16/07/18,00:00,2333.0000000
YNDX,D,17/07/18,00:00,2420.0000000
YNDX,D,18/07/18,00:00,2398.5000000
YNDX,D,19/07/18,00:00,2364.5000000
YNDX,D,20/07/18,00:00,2329.5000000
YNDX,D,23/07/18,00:00,2333.0000000
YNDX,D,24/07/18,00:00,2377.0000000
YNDX,D,25/07/18,00:00,2391.5000000
YNDX,D,26/07/18,00:00,2430.0000000
YNDX,D,27/07/18,00:00,2388.0000000
YNDX,D,30/07/18,00:00,2242.5000000
YNDX,D,31/07/18,00:00,2250.0000000
YNDX,D,01/08/18,00:00,2272.0000000
YNDX,D,02/08/18,00:00,2237.0000000
YNDX,D,03/08/18,00:00,2252.5000000
YNDX,D,06/08/18,00:00,2230.5000000
YNDX,D,07/08/18,00:00,2272.5000000
YNDX,D,08/08/18,00:00,2185.0000000
YNDX,D,09/08/18,00:00,2132.0000000
YNDX,D,10/08/18,00:00,2128.0000000
YNDX,D,13/08/18,00:00,2152.5000000
YNDX,D,14/08/18,00:00,2150.0000000
YNDX,D,15/08/18,00:00,2091.0000000
YNDX,D,16/08/18,00:00,2123.5000000
YNDX,D,17/08/18,00:00,2099.0000000
YNDX,D,20/08/18,00:00,2133.5000000
YNDX,D,21/08/18,00:00,2164.0000000
YNDX,D,22/08/18,00:00,2137.0000000
YNDX,D,23/08/18,00:00,2120.0000000
YNDX,D,24/08/18,00:00,2115.0000000
YNDX,D,27/08/18,00:00,2151.0000000
YNDX,D,28/08/18,00:00,2153.5000000
YNDX,D,29/08/18,00:00,2168.5000000
YNDX,D,30/08/18,00:00,2142.0000000
YNDX,D,31/08/18,00:00,2150.0000000
YNDX,D,03/09/18,00:00,2179.5000000
YNDX,D,04/09/18,00:00,2168.0000000
YNDX,D,05/09/18,00:00,2125.0000000
YNDX,D,06/09/18,00:00,2105.5000000
YNDX,D,07/09/18,00:00,2098.5000000
YNDX,D,10/09/18,00:00,2111.5000000
YNDX,D,11/09/18,00:00,2094.5000000
YNDX,D,12/09/18,00:00,2066.5000000
YNDX,D,13/09/18,00:00,2132.0000000
YNDX,D,14/09/18,00:00,2187.0000000
YNDX,D,17/09/18,00:00,2148.0000000
YNDX,D,18/09/18,00:00,2144.5000000
YNDX,D,19/09/18,00:00,2145.0000000
YNDX,D,20/09/18,00:00,2174.5000000
YNDX,D,21/09/18,00:00,2204.0000000
YNDX,D,24/09/18,00:00,2193.5000000
YNDX,D,25/09/18,00:00,2213.0000000
YNDX,D,26/09/18,00:00,2216.0000000
YNDX,D,27/09/18,00:00,2185.0000000
YNDX,D,28/09/18,00:00,2160.5000000
YNDX,D,01/10/18,00:00,2134.0000000
YNDX,D,02/10/18,00:00,2136.5000000
YNDX,D,03/10/18,00:00,2172.5000000
YNDX,D,04/10/18,00:00,2157.5000000
YNDX,D,05/10/18,00:00,2143.0000000
YNDX,D,08/10/18,00:00,2170.5000000
YNDX,D,09/10/18,00:00,2220.0000000
YNDX,D,10/10/18,00:00,2146.0000000
YNDX,D,11/10/18,00:00,2118.0000000
YNDX,D,12/10/18,00:00,2140.0000000
YNDX,D,15/10/18,00:00,2178.0000000
YNDX,D,16/10/18,00:00,2307.0000000
YNDX,D,17/10/18,00:00,2310.0000000
YNDX,D,18/10/18,00:00,2235.0000000
YNDX,D,19/10/18,00:00,1790.0000000
YNDX,D,22/10/18,00:00,1755.0000000
YNDX,D,23/10/18,00:00,1760.0000000
YNDX,D,24/10/18,00:00,1781.0000000
YNDX,D,25/10/18,00:00,1777.0000000
YNDX,D,26/10/18,00:00,1761.5000000
YNDX,D,29/10/18,00:00,1859.5000000
YNDX,D,30/10/18,00:00,1843.0000000
YNDX,D,31/10/18,00:00,1916.5000000
YNDX,D,01/11/18,00:00,1999.0000000
YNDX,D,02/11/18,00:00,1995.0000000
YNDX,D,06/11/18,00:00,2002.0000000
YNDX,D,07/11/18,00:00,1995.0000000
YNDX,D,08/11/18,00:00,1982.0000000
YNDX,D,09/11/18,00:00,1921.5000000
YNDX,D,12/11/18,00:00,1886.0000000
YNDX,D,13/11/18,00:00,1903.5000000
YNDX,D,14/11/18,00:00,1940.0000000
YNDX,D,15/11/18,00:00,1920.0000000
YNDX,D,16/11/18,00:00,1916.0000000
YNDX,D,19/11/18,00:00,1924.5000000
YNDX,D,20/11/18,00:00,1902.0000000
YNDX,D,21/11/18,00:00,1909.0000000
YNDX,D,22/11/18,00:00,1921.0000000
YNDX,D,23/11/18,00:00,1898.5000000
YNDX,D,26/11/18,00:00,1920.0000000
YNDX,D,27/11/18,00:00,1945.0000000
YNDX,D,28/11/18,00:00,1945.5000000
YNDX,D,29/11/18,00:00,1967.5000000
YNDX,D,30/11/18,00:00,1965.0000000
YNDX,D,03/12/18,00:00,1989.0000000
YNDX,D,04/12/18,00:00,1957.5000000
YNDX,D,05/12/18,00:00,1955.0000000
YNDX,D,06/12/18,00:00,1914.0000000
YNDX,D,07/12/18,00:00,1912.5000000
YNDX,D,10/12/18,00:00,1903.0000000
YNDX,D,11/12/18,00:00,1869.5000000
YNDX,D,12/12/18,00:00,1871.5000000
YNDX,D,13/12/18,00:00,1888.0000000
YNDX,D,14/12/18,00:00,1860.5000000
YNDX,D,17/12/18,00:00,1869.0000000
YNDX,D,18/12/18,00:00,1856.0000000
YNDX,D,19/12/18,00:00,1894.0000000
YNDX,D,20/12/18,00:00,1864.0000000
YNDX,D,21/12/18,00:00,1860.5000000
YNDX,D,24/12/18,00:00,1840.5000000
YNDX,D,25/12/18,00:00,1828.0000000
YNDX,D,26/12/18,00:00,1832.0000000
YNDX,D,27/12/18,00:00,1880.0000000
YNDX,D,28/12/18,00:00,1916.0000000
YNDX,D,29/12/18,00:00,1930.0000000
YNDX,D,03/01/19,00:00,1859.5000000
YNDX,D,04/01/19,00:00,1916.0000000
YNDX,D,08/01/19,00:00,1926.5000000
YNDX,D,09/01/19,00:00,1960.0000000
YNDX,D,10/01/19,00:00,1985.0000000
YNDX,D,11/01/19,00:00,1983.0000000
YNDX,D,14/01/19,00:00,1992.5000000
YNDX,D,15/01/19,00:00,1999.5000000
YNDX,D,16/01/19,00:00,1980.0000000
YNDX,D,17/01/19,00:00,1993.5000000
YNDX,D,18/01/19,00:00,2044.5000000
YNDX,D,21/01/19,00:00,2044.5000000
YNDX,D,22/01/19,00:00,2051.0000000
YNDX,D,23/01/19,00:00,2060.0000000
YNDX,D,24/01/19,00:00,2083.0000000
YNDX,D,25/01/19,00:00,2152.0000000
YNDX,D,28/01/19,00:00,2167.0000000
YNDX,D,29/01/19,00:00,2152.0000000
YNDX,D,30/01/19,00:00,2157.0000000
YNDX,D,31/01/19,00:00,2212.0000000
YNDX,D,01/02/19,00:00,2197.2000000
YNDX,D,04/02/19,00:00,2212.0000000
YNDX,D,05/02/19,00:00,2250.8000000
YNDX,D,06/02/19,00:00,2244.0000000
YNDX,D,07/02/19,00:00,2192.2000000
YNDX,D,08/02/19,00:00,2163.4000000
YNDX,D,11/02/19,00:00,2196.0000000
YNDX,D,12/02/19,00:00,2230.0000000
YNDX,D,13/02/19,00:00,2258.0000000
YNDX,D,14/02/19,00:00,2264.0000000
YNDX,D,15/02/19,00:00,2200.2000000
YNDX,D,18/02/19,00:00,2161.0000000
YNDX,D,19/02/19,00:00,2126.6000000
YNDX,D,20/02/19,00:00,2166.2000000
YNDX,D,21/02/19,00:00,2115.0000000
YNDX,D,22/02/19,00:00,2133.0000000
YNDX,D,25/02/19,00:00,2214.6000000
YNDX,D,26/02/19,00:00,2169.6000000
YNDX,D,27/02/19,00:00,2163.0000000
YNDX,D,28/02/19,00:00,2208.0000000
YNDX,D,01/03/19,00:00,2247.4000000
YNDX,D,04/03/19,00:00,2303.6000000
YNDX,D,05/03/19,00:00,2340.2000000
YNDX,D,06/03/19,00:00,2362.0000000
YNDX,D,07/03/19,00:00,2329.2000000
YNDX,D,11/03/19,00:00,2346.4000000
YNDX,D,12/03/19,00:00,2355.0000000
YNDX,D,13/03/19,00:00,2345.0000000
YNDX,D,14/03/19,00:00,2303.4000000
YNDX,D,15/03/19,00:00,2352.8000000
YNDX,D,18/03/19,00:00,2306.0000000
YNDX,D,19/03/19,00:00,2318.8000000
YNDX,D,20/03/19,00:00,2301.4000000
YNDX,D,21/03/19,00:00,2274.0000000
YNDX,D,22/03/19,00:00,2276.4000000
YNDX,D,25/03/19,00:00,2293.8000000
YNDX,D,26/03/19,00:00,2315.8000000
YNDX,D,27/03/19,00:00,2268.0000000
YNDX,D,28/03/19,00:00,2317.8000000
YNDX,D,29/03/19,00:00,2293.6000000
YNDX,D,01/04/19,00:00,2243.4000000
YNDX,D,02/04/19,00:00,2249.0000000
YNDX,D,03/04/19,00:00,2268.2000000
YNDX,D,04/04/19,00:00,2280.8000000
YNDX,D,05/04/19,00:00,2298.0000000
YNDX,D,08/04/19,00:00,2301.6000000
YNDX,D,09/04/19,00:00,2346.0000000
YNDX,D,10/04/19,00:00,2350.8000000
YNDX,D,11/04/19,00:00,2434.0000000
YNDX,D,12/04/19,00:00,2435.2000000
YNDX,D,15/04/19,00:00,2453.0000000
YNDX,D,16/04/19,00:00,2499.8000000
YNDX,D,17/04/19,00:00,2451.0000000
YNDX,D,18/04/19,00:00,2383.2000000
YNDX,D,19/04/19,00:00,2415.2000000
YNDX,D,22/04/19,00:00,2400.0000000
YNDX,D,23/04/19,00:00,2412.8000000
YNDX,D,24/04/19,00:00,2410.6000000
YNDX,D,25/04/19,00:00,2407.6000000
YNDX,D,26/04/19,00:00,2389.0000000
YNDX,D,29/04/19,00:00,2406.0000000
YNDX,D,30/04/19,00:00,2391.0000000
YNDX,D,02/05/19,00:00,2413.0000000
YNDX,D,03/05/19,00:00,2414.0000000
YNDX,D,06/05/19,00:00,2407.0000000
YNDX,D,07/05/19,00:00,2388.6000000
YNDX,D,08/05/19,00:00,2379.0000000
YNDX,D,10/05/19,00:00,2340.0000000
YNDX,D,13/05/19,00:00,2286.6000000
YNDX,D,14/05/19,00:00,2299.0000000
YNDX,D,15/05/19,00:00,2312.0000000
YNDX,D,16/05/19,00:00,2392.0000000
YNDX,D,17/05/19,00:00,2425.0000000
YNDX,D,20/05/19,00:00,2407.8000000
YNDX,D,21/05/19,00:00,2392.4000000
YNDX,D,22/05/19,00:00,2424.8000000
YNDX,D,23/05/19,00:00,2365.0000000
YNDX,D,24/05/19,00:00,2383.4000000
YNDX,D,27/05/19,00:00,2404.6000000
YNDX,D,28/05/19,00:00,2280.2000000
YNDX,D,29/05/19,00:00,2350.2000000
YNDX,D,30/05/19,00:00,2379.6000000
YNDX,D,31/05/19,00:00,2336.6000000
YNDX,D,03/06/19,00:00,2319.0000000
YNDX,D,04/06/19,00:00,2341.0000000
YNDX,D,05/06/19,00:00,2361.0000000
YNDX,D,06/06/19,00:00,2389.0000000
YNDX,D,07/06/19,00:00,2418.6000000
YNDX,D,10/06/19,00:00,2435.0000000
YNDX,D,11/06/19,00:00,2494.8000000
YNDX,D,13/06/19,00:00,2492.0000000
YNDX,D,14/06/19,00:00,2465.0000000
YNDX,D,17/06/19,00:00,2455.8000000
YNDX,D,18/06/19,00:00,2480.2000000
YNDX,D,19/06/19,00:00,2470.2000000
YNDX,D,20/06/19,00:00,2492.8000000
YNDX,D,21/06/19,00:00,2468.4000000
YNDX,D,24/06/19,00:00,2452.6000000
YNDX,D,25/06/19,00:00,2424.6000000
YNDX,D,26/06/19,00:00,2391.6000000
YNDX,D,27/06/19,00:00,2410.0000000
YNDX,D,28/06/19,00:00,2405.4000000
YNDX,D,01/07/19,00:00,2482.4000000
YNDX,D,02/07/19,00:00,2491.2000000
YNDX,D,03/07/19,00:00,2505.4000000
YNDX,D,04/07/19,00:00,2494.8000000
YNDX,D,05/07/19,00:00,2481.4000000
YNDX,D,08/07/19,00:00,2465.0000000
YNDX,D,09/07/19,00:00,2478.0000000
YNDX,D,10/07/19,00:00,2500.2000000
YNDX,D,11/07/19,00:00,2495.0000000
YNDX,D,12/07/19,00:00,2573.0000000
YNDX,D,15/07/19,00:00,2546.4000000
YNDX,D,16/07/19,00:00,2542.6000000
YNDX,D,17/07/19,00:00,2509.2000000
YNDX,D,18/07/19,00:00,2489.8000000
YNDX,D,19/07/19,00:00,2518.0000000
YNDX,D,22/07/19,00:00,2486.0000000
YNDX,D,23/07/19,00:00,2482.8000000
YNDX,D,24/07/19,00:00,2507.0000000
YNDX,D,25/07/19,00:00,2461.6000000
YNDX,D,26/07/19,00:00,2520.0000000
YNDX,D,29/07/19,00:00,2441.0000000
YNDX,D,30/07/19,00:00,2480.4000000
YNDX,D,31/07/19,00:00,2490.0000000
YNDX,D,01/08/19,00:00,2550.6000000
YNDX,D,02/08/19,00:00,2470.0000000
YNDX,D,05/08/19,00:00,2369.6000000
YNDX,D,06/08/19,00:00,2413.0000000
YNDX,D,07/08/19,00:00,2428.8000000
YNDX,D,08/08/19,00:00,2413.2000000
YNDX,D,09/08/19,00:00,2405.0000000
YNDX,D,12/08/19,00:00,2410.0000000
YNDX,D,13/08/19,00:00,2428.0000000
YNDX,D,14/08/19,00:00,2374.0000000
YNDX,D,15/08/19,00:00,2365.4000000
YNDX,D,16/08/19,00:00,2394.0000000
YNDX,D,19/08/19,00:00,2424.0000000
YNDX,D,20/08/19,00:00,2438.4000000
YNDX,D,21/08/19,00:00,2421.2000000
YNDX,D,22/08/19,00:00,2399.0000000
YNDX,D,23/08/19,00:00,2391.0000000
YNDX,D,26/08/19,00:00,2394.4000000
YNDX,D,27/08/19,00:00,2429.8000000
YNDX,D,28/08/19,00:00,2434.0000000
YNDX,D,29/08/19,00:00,2441.0000000
YNDX,D,30/08/19,00:00,2462.8000000
YNDX,D,02/09/19,00:00,2469.8000000
YNDX,D,03/09/19,00:00,2487.0000000
YNDX,D,04/09/19,00:00,2487.0000000
YNDX,D,05/09/19,00:00,2509.2000000
YNDX,D,06/09/19,00:00,2503.6000000
YNDX,D,09/09/19,00:00,2466.0000000
YNDX,D,10/09/19,00:00,2450.2000000
YNDX,D,11/09/19,00:00,2466.2000000
YNDX,D,12/09/19,00:00,2457.0000000
YNDX,D,13/09/19,00:00,2453.0000000
YNDX,D,16/09/19,00:00,2447.6000000
YNDX,D,17/09/19,00:00,2438.4000000
YNDX,D,18/09/19,00:00,2432.0000000
YNDX,D,19/09/19,00:00,2407.4000000
YNDX,D,20/09/19,00:00,2350.2000000
YNDX,D,23/09/19,00:00,2342.2000000
YNDX,D,24/09/19,00:00,2301.4000000
YNDX,D,25/09/19,00:00,2322.4000000
YNDX,D,26/09/19,00:00,2319.6000000
YNDX,D,27/09/19,00:00,2315.8000000
YNDX,D,30/09/19,00:00,2263.4000000
YNDX,D,01/10/19,00:00,2287.0000000
YNDX,D,02/10/19,00:00,2250.0000000
YNDX,D,03/10/19,00:00,2265.0000000
YNDX,D,04/10/19,00:00,2274.4000000
YNDX,D,07/10/19,00:00,2284.2000000
YNDX,D,08/10/19,00:00,2295.2000000
YNDX,D,09/10/19,00:00,2312.0000000
YNDX,D,10/10/19,00:00,2327.0000000
YNDX,D,11/10/19,00:00,1898.0000000
YNDX,D,14/10/19,00:00,1975.6000000
YNDX,D,15/10/19,00:00,1986.6000000
YNDX,D,16/10/19,00:00,1957.2000000
YNDX,D,17/10/19,00:00,1927.0000000
YNDX,D,18/10/19,00:00,1934.0000000
YNDX,D,21/10/19,00:00,2061.0000000
YNDX,D,22/10/19,00:00,2054.6000000
YNDX,D,23/10/19,00:00,2046.6000000
YNDX,D,24/10/19,00:00,2090.2000000
YNDX,D,25/10/19,00:00,2064.0000000
YNDX,D,28/10/19,00:00,2118.4000000
YNDX,D,29/10/19,00:00,2134.4000000
YNDX,D,30/10/19,00:00,2156.0000000
YNDX,D,31/10/19,00:00,2125.8000000
YNDX,D,01/11/19,00:00,2138.0000000
YNDX,D,05/11/19,00:00,2171.4000000
YNDX,D,06/11/19,00:00,2191.0000000
YNDX,D,07/11/19,00:00,2187.8000000
YNDX,D,08/11/19,00:00,2184.8000000
YNDX,D,11/11/19,00:00,2179.6000000
YNDX,D,12/11/19,00:00,2184.0000000
YNDX,D,13/11/19,00:00,2173.8000000
YNDX,D,14/11/19,00:00,2186.4000000
YNDX,D,15/11/19,00:00,2267.0000000
YNDX,D,18/11/19,00:00,2525.2000000
YNDX,D,19/11/19,00:00,2510.0000000
YNDX,D,20/11/19,00:00,2514.4000000
YNDX,D,21/11/19,00:00,2549.0000000
YNDX,D,22/11/19,00:00,2566.2000000
YNDX,D,25/11/19,00:00,2629.0000000
YNDX,D,26/11/19,00:00,2635.8000000
YNDX,D,27/11/19,00:00,2668.0000000
YNDX,D,28/11/19,00:00,2624.6000000
YNDX,D,29/11/19,00:00,2693.0000000
YNDX,D,02/12/19,00:00,2620.6000000
YNDX,D,03/12/19,00:00,2599.0000000
YNDX,D,04/12/19,00:00,2607.4000000
YNDX,D,05/12/19,00:00,2568.4000000
YNDX,D,06/12/19,00:00,2570.4000000
YNDX,D,09/12/19,00:00,2584.0000000
YNDX,D,10/12/19,00:00,2588.0000000
YNDX,D,11/12/19,00:00,2595.0000000
YNDX,D,12/12/19,00:00,2628.0000000
YNDX,D,13/12/19,00:00,2662.8000000
YNDX,D,16/12/19,00:00,2690.0000000
YNDX,D,17/12/19,00:00,2660.0000000
YNDX,D,18/12/19,00:00,2625.0000000
YNDX,D,19/12/19,00:00,2623.2000000
YNDX,D,20/12/19,00:00,2680.0000000
YNDX,D,23/12/19,00:00,2699.8000000
YNDX,D,24/12/19,00:00,2688.0000000
YNDX,D,25/12/19,00:00,2687.0000000
YNDX,D,26/12/19,00:00,2713.0000000
YNDX,D,27/12/19,00:00,2736.0000000
YNDX,D,30/12/19,00:00,2697.0000000
YNDX,D,03/01/20,00:00,2685.0000000
YNDX,D,06/01/20,00:00,2672.0000000
YNDX,D,08/01/20,00:00,2677.0000000
YNDX,D,09/01/20,00:00,2728.4000000
YNDX,D,10/01/20,00:00,2725.0000000
YNDX,D,13/01/20,00:00,2703.4000000
YNDX,D,14/01/20,00:00,2685.0000000
YNDX,D,15/01/20,00:00,2690.0000000
YNDX,D,16/01/20,00:00,2719.8000000
YNDX,D,17/01/20,00:00,2772.8000000
YNDX,D,20/01/20,00:00,2800.0000000
YNDX,D,21/01/20,00:00,2770.0000000
YNDX,D,22/01/20,00:00,2790.0000000
YNDX,D,23/01/20,00:00,2820.2000000
YNDX,D,24/01/20,00:00,2798.0000000
YNDX,D,27/01/20,00:00,2780.0000000
YNDX,D,28/01/20,00:00,2799.8000000
YNDX,D,29/01/20,00:00,2890.0000000
YNDX,D,30/01/20,00:00,2888.0000000
YNDX,D,31/01/20,00:00,2873.4000000
YNDX,D,03/02/20,00:00,2880.6000000
YNDX,D,04/02/20,00:00,2990.0000000
YNDX,D,05/02/20,00:00,3008.2000000
YNDX,D,06/02/20,00:00,3048.2000000
YNDX,D,07/02/20,00:00,3103.8000000
YNDX,D,10/02/20,00:00,3087.2000000
YNDX,D,11/02/20,00:00,3085.0000000
YNDX,D,12/02/20,00:00,3037.2000000
YNDX,D,13/02/20,00:00,3087.4000000
YNDX,D,14/02/20,00:00,3011.0000000
YNDX,D,17/02/20,00:00,2983.6000000
YNDX,D,18/02/20,00:00,2937.0000000
YNDX,D,19/02/20,00:00,2953.0000000
YNDX,D,20/02/20,00:00,2988.4000000
YNDX,D,21/02/20,00:00,2911.8000000
YNDX,D,25/02/20,00:00,2681.8000000
YNDX,D,26/02/20,00:00,2690.8000000
YNDX,D,27/02/20,00:00,2678.2000000
YNDX,D,28/02/20,00:00,2659.8000000
YNDX,D,02/03/20,00:00,2721.4000000
YNDX,D,03/03/20,00:00,2723.0000000
YNDX,D,04/03/20,00:00,2654.2000000
YNDX,D,05/03/20,00:00,2728.2000000
YNDX,D,06/03/20,00:00,2685.0000000
YNDX,D,10/03/20,00:00,2590.0000000
YNDX,D,11/03/20,00:00,2615.0000000
YNDX,D,12/03/20,00:00,2460.0000000
YNDX,D,13/03/20,00:00,2470.0000000
YNDX,D,16/03/20,00:00,2370.0000000
YNDX,D,17/03/20,00:00,2425.0000000
YNDX,D,18/03/20,00:00,2318.8000000
YNDX,D,19/03/20,00:00,2434.0000000
YNDX,D,20/03/20,00:00,2455.2000000
YNDX,D,23/03/20,00:00,2299.8000000
YNDX,D,24/03/20,00:00,2459.0000000
YNDX,D,25/03/20,00:00,2555.8000000
YNDX,D,26/03/20,00:00,2610.0000000
YNDX,D,27/03/20,00:00,2597.0000000
YNDX,D,30/03/20,00:00,2670.2000000
YNDX,D,31/03/20,00:00,2714.4000000
YNDX,D,01/04/20,00:00,2605.8000000
YNDX,D,02/04/20,00:00,2550.8000000
YNDX,D,03/04/20,00:00,2520.0000000
YNDX,D,06/04/20,00:00,2582.0000000
YNDX,D,07/04/20,00:00,2668.0000000
YNDX,D,08/04/20,00:00,2742.6000000
YNDX,D,09/04/20,00:00,2697.2000000
YNDX,D,10/04/20,00:00,2701.0000000
YNDX,D,13/04/20,00:00,2659.0000000
YNDX,D,14/04/20,00:00,2755.6000000
YNDX,D,15/04/20,00:00,2588.2000000
YNDX,D,16/04/20,00:00,2637.8000000
YNDX,D,17/04/20,00:00,2630.4000000
YNDX,D,20/04/20,00:00,2736.4000000
YNDX,D,21/04/20,00:00,2659.2000000
YNDX,D,22/04/20,00:00,2655.0000000
YNDX,D,23/04/20,00:00,2640.6000000
YNDX,D,24/04/20,00:00,2621.0000000
YNDX,D,27/04/20,00:00,2715.0000000
YNDX,D,28/04/20,00:00,2754.8000000
YNDX,D,29/04/20,00:00,2870.0000000
YNDX,D,30/04/20,00:00,2850.8000000
YNDX,D,04/05/20,00:00,2828.8000000
YNDX,D,05/05/20,00:00,2842.2000000
YNDX,D,06/05/20,00:00,2864.0000000
YNDX,D,07/05/20,00:00,2910.2000000
YNDX,D,08/05/20,00:00,2975.2000000
YNDX,D,12/05/20,00:00,2977.0000000
YNDX,D,13/05/20,00:00,2893.4000000
YNDX,D,14/05/20,00:00,2821.8000000
YNDX,D,15/05/20,00:00,2839.6000000
YNDX,D,18/05/20,00:00,2945.0000000
YNDX,D,19/05/20,00:00,2970.0000000
YNDX,D,20/05/20,00:00,2964.6000000
YNDX,D,21/05/20,00:00,2910.8000000
YNDX,D,22/05/20,00:00,2905.0000000
YNDX,D,25/05/20,00:00,2960.6000000
YNDX,D,26/05/20,00:00,2913.2000000
YNDX,D,27/05/20,00:00,2826.0000000
YNDX,D,28/05/20,00:00,2888.0000000
YNDX,D,29/05/20,00:00,2833.2000000
YNDX,D,01/06/20,00:00,2846.0000000
YNDX,D,02/06/20,00:00,2837.8000000
YNDX,D,03/06/20,00:00,2867.6000000
YNDX,D,04/06/20,00:00,2861.6000000
YNDX,D,05/06/20,00:00,2884.0000000
YNDX,D,08/06/20,00:00,2873.2000000
YNDX,D,09/06/20,00:00,2902.0000000
YNDX,D,10/06/20,00:00,2881.2000000
YNDX,D,11/06/20,00:00,2850.0000000
YNDX,D,15/06/20,00:00,2967.4000000
YNDX,D,16/06/20,00:00,3009.0000000
YNDX,D,17/06/20,00:00,3068.2000000
YNDX,D,18/06/20,00:00,3108.0000000
YNDX,D,19/06/20,00:00,3155.0000000
YNDX,D,22/06/20,00:00,3254.2000000
YNDX,D,23/06/20,00:00,3358.6000000
YNDX,D,25/06/20,00:00,3499.0000000
YNDX,D,26/06/20,00:00,3430.0000000
YNDX,D,29/06/20,00:00,3467.0000000
YNDX,D,30/06/20,00:00,3545.6000000
YNDX,D,02/07/20,00:00,3548.6000000
YNDX,D,03/07/20,00:00,3549.6000000
YNDX,D,06/07/20,00:00,3639.0000000
YNDX,D,07/07/20,00:00,3598.8000000
YNDX,D,08/07/20,00:00,3581.8000000
YNDX,D,09/07/20,00:00,3637.8000000
YNDX,D,10/07/20,00:00,3633.0000000
YNDX,D,13/07/20,00:00,3678.0000000
YNDX,D,14/07/20,00:00,3772.0000000
YNDX,D,15/07/20,00:00,3882.8000000
YNDX,D,16/07/20,00:00,3824.0000000
YNDX,D,17/07/20,00:00,3950.0000000
YNDX,D,20/07/20,00:00,4029.0000000
YNDX,D,21/07/20,00:00,3964.0000000
YNDX,D,22/07/20,00:00,4010.0000000
YNDX,D,23/07/20,00:00,4002.8000000
YNDX,D,24/07/20,00:00,4017.2000000
YNDX,D,27/07/20,00:00,4123.0000000
YNDX,D,28/07/20,00:00,4114.4000000
YNDX,D,29/07/20,00:00,4187.8000000
YNDX,D,30/07/20,00:00,4191.0000000
YNDX,D,31/07/20,00:00,4257.0000000
YNDX,D,03/08/20,00:00,4288.6000000
YNDX,D,04/08/20,00:00,4312.0000000
YNDX,D,05/08/20,00:00,4340.2000000
YNDX,D,06/08/20,00:00,4413.8000000
YNDX,D,07/08/20,00:00,4360.0000000
YNDX,D,10/08/20,00:00,4205.0000000
YNDX,D,11/08/20,00:00,4185.8000000
YNDX,D,12/08/20,00:00,4288.8000000
YNDX,D,13/08/20,00:00,4366.0000000
YNDX,D,14/08/20,00:00,4389.6000000
YNDX,D,17/08/20,00:00,4500.0000000
YNDX,D,18/08/20,00:00,4503.0000000
YNDX,D,19/08/20,00:00,4620.0000000
YNDX,D,20/08/20,00:00,4700.0000000
YNDX,D,21/08/20,00:00,4772.0000000
YNDX,D,24/08/20,00:00,4913.4000000
YNDX,D,25/08/20,00:00,5055.0000000
YNDX,D,26/08/20,00:00,4973.6000000
YNDX,D,27/08/20,00:00,4842.8000000
YNDX,D,28/08/20,00:00,4845.0000000
YNDX,D,31/08/20,00:00,5089.4000000
YNDX,D,01/09/20,00:00,5033.0000000
YNDX,D,02/09/20,00:00,5070.0000000
YNDX,D,03/09/20,00:00,4917.8000000
YNDX,D,04/09/20,00:00,4885.0000000
YNDX,D,07/09/20,00:00,4975.0000000
YNDX,D,08/09/20,00:00,4670.2000000
YNDX,D,09/09/20,00:00,4743.4000000
YNDX,D,10/09/20,00:00,4597.8000000
YNDX,D,11/09/20,00:00,4662.0000000
YNDX,D,14/09/20,00:00,4730.0000000
YNDX,D,15/09/20,00:00,4685.8000000
YNDX,D,16/09/20,00:00,4637.0000000
YNDX,D,17/09/20,00:00,4595.0000000
YNDX,D,18/09/20,00:00,4628.0000000
YNDX,D,21/09/20,00:00,4527.8000000
YNDX,D,22/09/20,00:00,4900.0000000
YNDX,D,23/09/20,00:00,5008.6000000
YNDX,D,24/09/20,00:00,4775.0000000
YNDX,D,25/09/20,00:00,4934.0000000
YNDX,D,28/09/20,00:00,5080.0000000
YNDX,D,29/09/20,00:00,5095.0000000
YNDX,D,30/09/20,00:00,5062.0000000
YNDX,D,01/10/20,00:00,4928.8000000
YNDX,D,02/10/20,00:00,4907.0000000
YNDX,D,05/10/20,00:00,4980.0000000
YNDX,D,06/10/20,00:00,4869.0000000
YNDX,D,07/10/20,00:00,4779.4000000
YNDX,D,08/10/20,00:00,4714.6000000
YNDX,D,09/10/20,00:00,4683.0000000
YNDX,D,12/10/20,00:00,4759.8000000
YNDX,D,13/10/20,00:00,4838.8000000
YNDX,D,14/10/20,00:00,4772.0000000
YNDX,D,15/10/20,00:00,4754.4000000
YNDX,D,16/10/20,00:00,4530.0000000
YNDX,D,19/10/20,00:00,4457.0000000
YNDX,D,20/10/20,00:00,4340.0000000
YNDX,D,21/10/20,00:00,4410.2000000
YNDX,D,22/10/20,00:00,4455.0000000
YNDX,D,23/10/20,00:00,4523.2000000
YNDX,D,26/10/20,00:00,4504.0000000
YNDX,D,27/10/20,00:00,4600.8000000
YNDX,D,28/10/20,00:00,4586.0000000
YNDX,D,29/10/20,00:00,4637.2000000
YNDX,D,30/10/20,00:00,4561.0000000
YNDX,D,02/11/20,00:00,4589.2000000
YNDX,D,03/11/20,00:00,4591.0000000
YNDX,D,05/11/20,00:00,4854.8000000
YNDX,D,06/11/20,00:00,4927.0000000
YNDX,D,09/11/20,00:00,4985.4000000
YNDX,D,10/11/20,00:00,4696.0000000
YNDX,D,11/11/20,00:00,4724.8000000
YNDX,D,12/11/20,00:00,4718.8000000
YNDX,D,13/11/20,00:00,4799.0000000
YNDX,D,16/11/20,00:00,4735.2000000
YNDX,D,17/11/20,00:00,4680.0000000
YNDX,D,18/11/20,00:00,4691.2000000
YNDX,D,19/11/20,00:00,4742.6000000
YNDX,D,20/11/20,00:00,4745.6000000
YNDX,D,23/11/20,00:00,4687.6000000
YNDX,D,24/11/20,00:00,4935.8000000
YNDX,D,25/11/20,00:00,4946.0000000
YNDX,D,26/11/20,00:00,4985.2000000
YNDX,D,27/11/20,00:00,5115.0000000
YNDX,D,30/11/20,00:00,5278.0000000
YNDX,D,01/12/20,00:00,5310.4000000
YNDX,D,02/12/20,00:00,5193.6000000
YNDX,D,03/12/20,00:00,5166.0000000
YNDX,D,04/12/20,00:00,5065.2000000
YNDX,D,07/12/20,00:00,5002.2000000
YNDX,D,08/12/20,00:00,5066.4000000
YNDX,D,09/12/20,00:00,5094.0000000
YNDX,D,10/12/20,00:00,5169.2000000
YNDX,D,11/12/20,00:00,5124.0000000
YNDX,D,14/12/20,00:00,5040.0000000
YNDX,D,15/12/20,00:00,5050.0000000
YNDX,D,16/12/20,00:00,5198.0000000
YNDX,D,17/12/20,00:00,5145.4000000
YNDX,D,18/12/20,00:00,5082.0000000
YNDX,D,21/12/20,00:00,5004.4000000
YNDX,D,22/12/20,00:00,5084.0000000
YNDX,D,23/12/20,00:00,5113.0000000
YNDX,D,24/12/20,00:00,5029.0000000
YNDX,D,25/12/20,00:00,5039.8000000
YNDX,D,28/12/20,00:00,5026.4000000
YNDX,D,29/12/20,00:00,5020.4000000
YNDX,D,30/12/20,00:00,5167.0000000
YNDX,D,04/01/21,00:00,5185.2000000
YNDX,D,05/01/21,00:00,5340.4000000
YNDX,D,06/01/21,00:00,5188.8000000
YNDX,D,08/01/21,00:00,5254.2000000
YNDX,D,11/01/21,00:00,5214.2000000
YNDX,D,12/01/21,00:00,5121.8000000
YNDX,D,13/01/21,00:00,5079.8000000
YNDX,D,14/01/21,00:00,5077.4000000
YNDX,D,15/01/21,00:00,4998.0000000
YNDX,D,18/01/21,00:00,5043.6000000
YNDX,D,19/01/21,00:00,5008.8000000
YNDX,D,20/01/21,00:00,5170.0000000
YNDX,D,21/01/21,00:00,5069.0000000
YNDX,D,22/01/21,00:00,5015.8000000
YNDX,D,25/01/21,00:00,4901.8000000
YNDX,D,26/01/21,00:00,4898.2000000
YNDX,D,27/01/21,00:00,4828.4000000
YNDX,D,28/01/21,00:00,4876.2000000
YNDX,D,29/01/21,00:00,4760.6000000
YNDX,D,01/02/21,00:00,4847.4000000
YNDX,D,02/02/21,00:00,4997.0000000
YNDX,D,03/02/21,00:00,4917.2000000
YNDX,D,04/02/21,00:00,5016.6000000
YNDX,D,05/02/21,00:00,4973.6000000
YNDX,D,08/02/21,00:00,5060.4000000
YNDX,D,09/02/21,00:00,5147.2000000
YNDX,D,10/02/21,00:00,5306.0000000
YNDX,D,11/02/21,00:00,5361.6000000
YNDX,D,12/02/21,00:00,5448.0000000
YNDX,D,15/02/21,00:00,5478.0000000
YNDX,D,16/02/21,00:00,5348.0000000
YNDX,D,17/02/21,00:00,5187.0000000
YNDX,D,18/02/21,00:00,5007.8000000
YNDX,D,19/02/21,00:00,5005.0000000
YNDX,D,20/02/21,00:00,5064.0000000
YNDX,D,22/02/21,00:00,4918.0000000
YNDX,D,24/02/21,00:00,4928.2000000
YNDX,D,25/02/21,00:00,4857.4000000
YNDX,D,26/02/21,00:00,4813.2000000
YNDX,D,01/03/21,00:00,5004.6000000
YNDX,D,02/03/21,00:00,5027.0000000
YNDX,D,03/03/21,00:00,4890.2000000
YNDX,D,04/03/21,00:00,4718.2000000
YNDX,D,05/03/21,00:00,4722.8000000
YNDX,D,09/03/21,00:00,4707.6000000
YNDX,D,10/03/21,00:00,4692.0000000
YNDX,D,11/03/21,00:00,4889.8000000
YNDX,D,12/03/21,00:00,4960.4000000
YNDX,D,15/03/21,00:00,5039.0000000
YNDX,D,16/03/21,00:00,5161.8000000
YNDX,D,17/03/21,00:00,5037.6000000
YNDX,D,18/03/21,00:00,4858.0000000
YNDX,D,19/03/21,00:00,4880.0000000
YNDX,D,22/03/21,00:00,4891.0000000
YNDX,D,23/03/21,00:00,4906.0000000
YNDX,D,24/03/21,00:00,4850.0000000
YNDX,D,25/03/21,00:00,4741.0000000
YNDX,D,26/03/21,00:00,4785.0000000
YNDX,D,29/03/21,00:00,4830.0000000
YNDX,D,30/03/21,00:00,4788.0000000
YNDX,D,31/03/21,00:00,4859.0000000
YNDX,D,01/04/21,00:00,4949.2000000
YNDX,D,02/04/21,00:00,4935.0000000
YNDX,D,05/04/21,00:00,4940.0000000
YNDX,D,06/04/21,00:00,4961.8000000
YNDX,D,07/04/21,00:00,4845.2000000
YNDX,D,08/04/21,00:00,4888.0000000
YNDX,D,09/04/21,00:00,4813.0000000
YNDX,D,12/04/21,00:00,4854.8000000
YNDX,D,13/04/21,00:00,4600.0000000
YNDX,D,14/04/21,00:00,4661.0000000
YNDX,D,15/04/21,00:00,4677.8000000
YNDX,D,16/04/21,00:00,4690.0000000
YNDX,D,19/04/21,00:00,4663.8000000
YNDX,D,20/04/21,00:00,4665.6000000
YNDX,D,21/04/21,00:00,4648.0000000
YNDX,D,22/04/21,00:00,4605.0000000
YNDX,D,23/04/21,00:00,4570.2000000
YNDX,D,26/04/21,00:00,4703.6000000
YNDX,D,27/04/21,00:00,4732.0000000
YNDX,D,28/04/21,00:00,4834.8000000
YNDX,D,29/04/21,00:00,5040.0000000
YNDX,D,30/04/21,00:00,4934.8000000
YNDX,D,04/05/21,00:00,4802.2000000
YNDX,D,05/05/21,00:00,4864.4000000
YNDX,D,06/05/21,00:00,4828.6000000
YNDX,D,07/05/21,00:00,4831.6000000
YNDX,D,10/05/21,00:00,4702.8000000
YNDX,D,11/05/21,00:00,4678.0000000
YNDX,D,12/05/21,00:00,4601.0000000
YNDX,D,13/05/21,00:00,4638.4000000
YNDX,D,14/05/21,00:00,4687.0000000
YNDX,D,17/05/21,00:00,4704.2000000
YNDX,D,18/05/21,00:00,4740.0000000
YNDX,D,19/05/21,00:00,4741.6000000
YNDX,D,20/05/21,00:00,4750.8000000
YNDX,D,21/05/21,00:00,4767.2000000
YNDX,D,24/05/21,00:00,4891.8000000
YNDX,D,25/05/21,00:00,4897.8000000
YNDX,D,26/05/21,00:00,4995.4000000
YNDX,D,27/05/21,00:00,4962.2000000
YNDX,D,28/05/21,00:00,4945.0000000
YNDX,D,31/05/21,00:00,4942.0000000
YNDX,D,01/06/21,00:00,4933.0000000
YNDX,D,02/06/21,00:00,4948.0000000
YNDX,D,03/06/21,00:00,4901.8000000
YNDX,D,04/06/21,00:00,4923.4000000
YNDX,D,07/06/21,00:00,4911.4000000
YNDX,D,08/06/21,00:00,4889.6000000
YNDX,D,09/06/21,00:00,4973.0000000
YNDX,D,10/06/21,00:00,5005.8000000
YNDX,D,11/06/21,00:00,5056.8000000
YNDX,D,14/06/21,00:00,5090.0000000
YNDX,D,15/06/21,00:00,4925.0000000
YNDX,D,16/06/21,00:00,4962.8000000
YNDX,D,17/06/21,00:00,5041.4000000
YNDX,D,18/06/21,00:00,5047.0000000
YNDX,D,21/06/21,00:00,5008.4000000
YNDX,D,22/06/21,00:00,5007.0000000
YNDX,D,23/06/21,00:00,5040.0000000
YNDX,D,24/06/21,00:00,5033.0000000
YNDX,D,25/06/21,00:00,5088.0000000
YNDX,D,28/06/21,00:00,5099.8000000
YNDX,D,29/06/21,00:00,5084.6000000
YNDX,D,30/06/21,00:00,5176.6000000
YNDX,D,01/07/21,00:00,5168.6000000
YNDX,D,02/07/21,00:00,5216.0000000
YNDX,D,05/07/21,00:00,5212.4000000
YNDX,D,06/07/21,00:00,5247.4000000
YNDX,D,07/07/21,00:00,5341.4000000
YNDX,D,08/07/21,00:00,5354.2000000
YNDX,D,09/07/21,00:00,5235.8000000
YNDX,D,12/07/21,00:00,5281.0000000
YNDX,D,13/07/21,00:00,5256.8000000
YNDX,D,14/07/21,00:00,5177.8000000
YNDX,D,15/07/21,00:00,5188.0000000
YNDX,D,16/07/21,00:00,5150.0000000
YNDX,D,19/07/21,00:00,5109.0000000
YNDX,D,20/07/21,00:00,5095.4000000
YNDX,D,21/07/21,00:00,5151.2000000
YNDX,D,22/07/21,00:00,5165.8000000
YNDX,D,23/07/21,00:00,5196.4000000
YNDX,D,26/07/21,00:00,5155.2000000
YNDX,D,27/07/21,00:00,5035.2000000
YNDX,D,28/07/21,00:00,5076.8000000
YNDX,D,29/07/21,00:00,5034.6000000
YNDX,D,30/07/21,00:00,4970.4000000
YNDX,D,02/08/21,00:00,4938.0000000
YNDX,D,03/08/21,00:00,4934.0000000
YNDX,D,04/08/21,00:00,4989.6000000
YNDX,D,05/08/21,00:00,4995.0000000
YNDX,D,06/08/21,00:00,4971.2000000
YNDX,D,09/08/21,00:00,4971.0000000
YNDX,D,10/08/21,00:00,4966.2000000
YNDX,D,11/08/21,00:00,5036.4000000
YNDX,D,12/08/21,00:00,4984.4000000
YNDX,D,13/08/21,00:00,4975.0000000
YNDX,D,16/08/21,00:00,5093.0000000
YNDX,D,17/08/21,00:00,5065.2000000
YNDX,D,18/08/21,00:00,5055.2000000
YNDX,D,19/08/21,00:00,5065.6000000
YNDX,D,20/08/21,00:00,5061.0000000
YNDX,D,23/08/21,00:00,5104.0000000
YNDX,D,24/08/21,00:00,5159.0000000
YNDX,D,25/08/21,00:00,5129.6000000
YNDX,D,26/08/21,00:00,5219.0000000
YNDX,D,27/08/21,00:00,5308.0000000
YNDX,D,30/08/21,00:00,5352.4000000
YNDX,D,31/08/21,00:00,5615.0000000
YNDX,D,01/09/21,00:00,5699.6000000
YNDX,D,02/09/21,00:00,5636.4000000
YNDX,D,03/09/21,00:00,5732.6000000
YNDX,D,06/09/21,00:00,5804.0000000
YNDX,D,07/09/21,00:00,5690.8000000
YNDX,D,08/09/21,00:00,5712.6000000
YNDX,D,09/09/21,00:00,5735.0000000
YNDX,D,10/09/21,00:00,5868.4000000
YNDX,D,13/09/21,00:00,5939.2000000
YNDX,D,14/09/21,00:00,5973.0000000
YNDX,D,15/09/21,00:00,5892.0000000
YNDX,D,16/09/21,00:00,5872.0000000
YNDX,D,17/09/21,00:00,5828.4000000
YNDX,D,20/09/21,00:00,5785.0000000
YNDX,D,21/09/21,00:00,5771.8000000
YNDX,D,22/09/21,00:00,5755.0000000
YNDX,D,23/09/21,00:00,5885.0000000
YNDX,D,24/09/21,00:00,5850.4000000
YNDX,D,27/09/21,00:00,5949.2000000
YNDX,D,28/09/21,00:00,5788.0000000
YNDX,D,29/09/21,00:00,5762.4000000
YNDX,D,30/09/21,00:00,5804.6000000
YNDX,D,01/10/21,00:00,5766.4000000
YNDX,D,04/10/21,00:00,5504.0000000
YNDX,D,05/10/21,00:00,5594.2000000
YNDX,D,06/10/21,00:00,5694.2000000
YNDX,D,07/10/21,00:00,5705.2000000
YNDX,D,08/10/21,00:00,5701.6000000
YNDX,D,11/10/21,00:00,5622.2000000
YNDX,D,12/10/21,00:00,5549.0000000
YNDX,D,13/10/21,00:00,5553.8000000
YNDX,D,14/10/21,00:00,5518.0000000
YNDX,D,15/10/21,00:00,5427.2000000
YNDX,D,18/10/21,00:00,5488.8000000
YNDX,D,19/10/21,00:00,5480.0000000
YNDX,D,20/10/21,00:00,5420.2000000
YNDX,D,21/10/21,00:00,5390.0000000
YNDX,D,22/10/21,00:00,5325.8000000
YNDX,D,25/10/21,00:00,5383.0000000
YNDX,D,26/10/21,00:00,5309.6000000
YNDX,D,27/10/21,00:00,5573.8000000
YNDX,D,28/10/21,00:00,5823.0000000
YNDX,D,29/10/21,00:00,5879.2000000
YNDX,D,01/11/21,00:00,5890.0000000
YNDX,D,02/11/21,00:00,5942.4000000
YNDX,D,03/11/21,00:00,6027.0000000
YNDX,D,05/11/21,00:00,6120.0000000
YNDX,D,08/11/21,00:00,6161.0000000
YNDX,D,09/11/21,00:00,5990.4000000
YNDX,D,10/11/21,00:00,5857.8000000
YNDX,D,11/11/21,00:00,5966.6000000
YNDX,D,12/11/21,00:00,5970.2000000
YNDX,D,15/11/21,00:00,5928.4000000
YNDX,D,16/11/21,00:00,5936.4000000
YNDX,D,17/11/21,00:00,5931.6000000
YNDX,D,18/11/21,00:00,5993.8000000
YNDX,D,19/11/21,00:00,5968.8000000
YNDX,D,22/11/21,00:00,5450.0000000
YNDX,D,23/11/21,00:00,5571.0000000
YNDX,D,24/11/21,00:00,5542.2000000
YNDX,D,25/11/21,00:00,5552.8000000
YNDX,D,26/11/21,00:00,5380.0000000
YNDX,D,29/11/21,00:00,5407.0000000
YNDX,D,30/11/21,00:00,5359.4000000
YNDX,D,01/12/21,00:00,5330.8000000
YNDX,D,02/12/21,00:00,5255.0000000
YNDX,D,03/12/21,00:00,5100.6000000
YNDX,D,06/12/21,00:00,5068.0000000
YNDX,D,07/12/21,00:00,4992.0000000
YNDX,D,08/12/21,00:00,4932.2000000
YNDX,D,09/12/21,00:00,4853.6000000
YNDX,D,10/12/21,00:00,4664.0000000
YNDX,D,13/12/21,00:00,4560.0000000
YNDX,D,14/12/21,00:00,4586.4000000
YNDX,D,15/12/21,00:00,4511.6000000
YNDX,D,16/12/21,00:00,4609.6000000
YNDX,D,17/12/21,00:00,4630.2000000
YNDX,D,20/12/21,00:00,4474.8000000
YNDX,D,21/12/21,00:00,4578.8000000
YNDX,D,22/12/21,00:00,4488.4000000
YNDX,D,23/12/21,00:00,4410.6000000
YNDX,D,24/12/21,00:00,4424.8000000
YNDX,D,27/12/21,00:00,4467.8000000
YNDX,D,28/12/21,00:00,4482.0000000
YNDX,D,29/12/21,00:00,4418.8000000
YNDX,D,30/12/21,00:00,4569.4000000
YNDX,D,03/01/22,00:00,4515.2000000
YNDX,D,04/01/22,00:00,4479.8000000
YNDX,D,05/01/22,00:00,4275.0000000
YNDX,D,06/01/22,00:00,4226.6000000
YNDX,D,10/01/22,00:00,4196.4000000
YNDX,D,11/01/22,00:00,4338.2000000
YNDX,D,12/01/22,00:00,4393.2000000
YNDX,D,13/01/22,00:00,4168.0000000
YNDX,D,14/01/22,00:00,3938.6000000
YNDX,D,17/01/22,00:00,4075.6000000
YNDX,D,18/01/22,00:00,3769.0000000
YNDX,D,19/01/22,00:00,3701.8000000
YNDX,D,20/01/22,00:00,3669.2000000
YNDX,D,21/01/22,00:00,3490.0000000
YNDX,D,24/01/22,00:00,3345.0000000
YNDX,D,25/01/22,00:00,3409.2000000
YNDX,D,26/01/22,00:00,3364.8000000
YNDX,D,27/01/22,00:00,3405.2000000
YNDX,D,28/01/22,00:00,3448.4000000
YNDX,D,31/01/22,00:00,3717.6000000
YNDX,D,01/02/22,00:00,3724.0000000
YNDX,D,02/02/22,00:00,3675.0000000
YNDX,D,03/02/22,00:00,3517.0000000
YNDX,D,04/02/22,00:00,3502.4000000
YNDX,D,07/02/22,00:00,3468.0000000
YNDX,D,08/02/22,00:00,3624.2000000
YNDX,D,09/02/22,00:00,3763.0000000
YNDX,D,10/02/22,00:00,3805.0000000
YNDX,D,11/02/22,00:00,3429.8000000
YNDX,D,14/02/22,00:00,3471.4000000
YNDX,D,15/02/22,00:00,3953.2000000
YNDX,D,16/02/22,00:00,4044.8000000
YNDX,D,17/02/22,00:00,3772.6000000
YNDX,D,18/02/22,00:00,3475.4000000
YNDX,D,21/02/22,00:00,3065.8000000
YNDX,D,22/02/22,00:00,3154.8000000
YNDX,D,24/02/22,00:00,1990.0000000
YNDX,D,25/02/22,00:00,1931.2000000
YNDX,D,29/03/22,00:00,2020.0000000
YNDX,D,30/03/22,00:00,2154.0000000
YNDX,D,31/03/22,00:00,2259.0000000
YNDX,D,01/04/22,00:00,2325.0000000
YNDX,D,04/04/22,00:00,2285.0000000
YNDX,D,05/04/22,00:00,2158.4000000
YNDX,D,06/04/22,00:00,2070.8000000
YNDX,D,07/04/22,00:00,2130.0000000
YNDX,D,08/04/22,00:00,2115.0000000
YNDX,D,11/04/22,00:00,2097.0000000
YNDX,D,12/04/22,00:00,2074.0000000
YNDX,D,13/04/22,00:00,2088.0000000
YNDX,D,14/04/22,00:00,1945.2000000
YNDX,D,15/04/22,00:00,1979.6000000
YNDX,D,18/04/22,00:00,1880.2000000
YNDX,D,19/04/22,00:00,1857.6000000
YNDX,D,20/04/22,00:00,1789.8000000
YNDX,D,21/04/22,00:00,1646.0000000
YNDX,D,22/04/22,00:00,1692.0000000
YNDX,D,25/04/22,00:00,1520.8000000
YNDX,D,26/04/22,00:00,1600.8000000
YNDX,D,27/04/22,00:00,1748.6000000
YNDX,D,28/04/22,00:00,1721.0000000
YNDX,D,29/04/22,00:00,1766.6000000
YNDX,D,04/05/22,00:00,1699.0000000
YNDX,D,05/05/22,00:00,1734.4000000
YNDX,D,06/05/22,00:00,1688.0000000
YNDX,D,11/05/22,00:00,1677.4000000
YNDX,D,12/05/22,00:00,1594.0000000
YNDX,D,13/05/22,00:00,1593.0000000
YNDX,D,16/05/22,00:00,1638.2000000
YNDX,D,17/05/22,00:00,1701.0000000
YNDX,D,18/05/22,00:00,1715.8000000
YNDX,D,19/05/22,00:00,1705.0000000
YNDX,D,20/05/22,00:00,1646.0000000
YNDX,D,23/05/22,00:00,1592.8000000
YNDX,D,24/05/22,00:00,1590.0000000
YNDX,D,25/05/22,00:00,1608.0000000
YNDX,D,26/05/22,00:00,1670.0000000
YNDX,D,27/05/22,00:00,1644.0000000
YNDX,D,30/05/22,00:00,1597.6000000
YNDX,D,31/05/22,00:00,1567.8000000
YNDX,D,01/06/22,00:00,1586.0000000
YNDX,D,02/06/22,00:00,1592.0000000
YNDX,D,03/06/22,00:00,1497.0000000
YNDX,D,06/06/22,00:00,1399.8000000
YNDX,D,07/06/22,00:00,1438.0000000
YNDX,D,08/06/22,00:00,1456.2000000
YNDX,D,09/06/22,00:00,1401.4000000
YNDX,D,10/06/22,00:00,1400.8000000
YNDX,D,14/06/22,00:00,1386.0000000
YNDX,D,15/06/22,00:00,1390.0000000
YNDX,D,16/06/22,00:00,1456.2000000
YNDX,D,17/06/22,00:00,1465.0000000
YNDX,D,20/06/22,00:00,1560.8000000
YNDX,D,21/06/22,00:00,1533.8000000
YNDX,D,22/06/22,00:00,1600.0000000
YNDX,D,23/06/22,00:00,1662.0000000
YNDX,D,24/06/22,00:00,1645.0000000
YNDX,D,27/06/22,00:00,1779.0000000
YNDX,D,28/06/22,00:00,1750.0000000
YNDX,D,29/06/22,00:00,1712.0000000
YNDX,D,30/06/22,00:00,1603.8000000
YNDX,D,01/07/22,00:00,1596.0000000
YNDX,D,04/07/22,00:00,1660.0000000
YNDX,D,05/07/22,00:00,1701.4000000
YNDX,D,06/07/22,00:00,1655.0000000
YNDX,D,07/07/22,00:00,1711.0000000
YNDX,D,08/07/22,00:00,1704.0000000
YNDX,D,11/07/22,00:00,1678.0000000
YNDX,D,12/07/22,00:00,1660.6000000
YNDX,D,13/07/22,00:00,1600.0000000
YNDX,D,14/07/22,00:00,1613.6000000
YNDX,D,15/07/22,00:00,1638.6000000
YNDX,D,18/07/22,00:00,1696.0000000
YNDX,D,19/07/22,00:00,1672.4000000
YNDX,D,20/07/22,00:00,1715.4000000
YNDX,D,21/07/22,00:00,1701.0000000
YNDX,D,22/07/22,00:00,1800.0000000
YNDX,D,25/07/22,00:00,1973.0000000
YNDX,D,26/07/22,00:00,2136.0000000
YNDX,D,27/07/22,00:00,2072.0000000
YNDX,D,28/07/22,00:00,2063.0000000
YNDX,D,29/07/22,00:00,1952.0000000
YNDX,D,01/08/22,00:00,1926.2000000
YNDX,D,02/08/22,00:00,1891.2000000
YNDX,D,03/08/22,00:00,1956.0000000
YNDX,D,04/08/22,00:00,2000.0000000
YNDX,D,05/08/22,00:00,1837.0000000
YNDX,D,08/08/22,00:00,1933.0000000
YNDX,D,09/08/22,00:00,1944.4000000
YNDX,D,10/08/22,00:00,1971.8000000
YNDX,D,11/08/22,00:00,1915.6000000
YNDX,D,12/08/22,00:00,1903.0000000
YNDX,D,15/08/22,00:00,1904.0000000
YNDX,D,16/08/22,00:00,1935.0000000
YNDX,D,17/08/22,00:00,1958.0000000
YNDX,D,18/08/22,00:00,1966.0000000
YNDX,D,19/08/22,00:00,1936.6000000
YNDX,D,22/08/22,00:00,2006.0000000
YNDX,D,23/08/22,00:00,2082.2000000
YNDX,D,24/08/22,00:00,2085.2000000
YNDX,D,25/08/22,00:00,2118.8000000
YNDX,D,26/08/22,00:00,2100.0000000
YNDX,D,29/08/22,00:00,2105.0000000
YNDX,D,30/08/22,00:00,2190.0000000
YNDX,D,31/08/22,00:00,2170.6000000
YNDX,D,01/09/22,00:00,2178.0000000
YNDX,D,02/09/22,00:00,2150.0000000
YNDX,D,05/09/22,00:00,2155.0000000
YNDX,D,06/09/22,00:00,2070.0000000
YNDX,D,07/09/22,00:00,2076.0000000
YNDX,D,08/09/22,00:00,2064.0000000
YNDX,D,09/09/22,00:00,2093.0000000
YNDX,D,12/09/22,00:00,2148.6000000
YNDX,D,13/09/22,00:00,2191.4000000
YNDX,D,14/09/22,00:00,2167.4000000
YNDX,D,15/09/22,00:00,2177.6000000
YNDX,D,16/09/22,00:00,2206.0000000
YNDX,D,19/09/22,00:00,2230.0000000
YNDX,D,20/09/22,00:00,2010.0000000
YNDX,D,21/09/22,00:00,1899.4000000
YNDX,D,22/09/22,00:00,1916.8000000
YNDX,D,23/09/22,00:00,1791.8000000
YNDX,D,26/09/22,00:00,1543.0000000
YNDX,D,27/09/22,00:00,1713.2000000
YNDX,D,28/09/22,00:00,1780.0000000
YNDX,D,29/09/22,00:00,1840.6000000
YNDX,D,30/09/22,00:00,1877.6000000
YNDX,D,03/10/22,00:00,1959.0000000
YNDX,D,04/10/22,00:00,1985.0000000
YNDX,D,05/10/22,00:00,2029.8000000
YNDX,D,06/10/22,00:00,2004.4000000
YNDX,D,07/10/22,00:00,1930.2000000
YNDX,D,10/10/22,00:00,1998.0000000
YNDX,D,11/10/22,00:00,2006.6000000
YNDX,D,12/10/22,00:00,2044.0000000
YNDX,D,13/10/22,00:00,2032.0000000
YNDX,D,14/10/22,00:00,1991.0000000
YNDX,D,17/10/22,00:00,2022.2000000
YNDX,D,18/10/22,00:00,1968.0000000
YNDX,D,19/10/22,00:00,1927.4000000
YNDX,D,20/10/22,00:00,1928.8000000
YNDX,D,21/10/22,00:00,1976.0000000
YNDX,D,24/10/22,00:00,1973.4000000
YNDX,D,25/10/22,00:00,2020.2000000
YNDX,D,26/10/22,00:00,2008.0000000
YNDX,D,27/10/22,00:00,2021.0000000
YNDX,D,28/10/22,00:00,2021.8000000
YNDX,D,31/10/22,00:00,2109.0000000
YNDX,D,01/11/22,00:00,2157.0000000
YNDX,D,02/11/22,00:00,2110.0000000
YNDX,D,03/11/22,00:00,2119.0000000
YNDX,D,07/11/22,00:00,2151.6000000
YNDX,D,08/11/22,00:00,2127.6000000
YNDX,D,09/11/22,00:00,2060.4000000
YNDX,D,10/11/22,00:00,2111.6000000
YNDX,D,11/11/22,00:00,2122.2000000
YNDX,D,14/11/22,00:00,2132.4000000
YNDX,D,15/11/22,00:00,2071.6000000
YNDX,D,16/11/22,00:00,2114.2000000
YNDX,D,17/11/22,00:00,2097.8000000
YNDX,D,18/11/22,00:00,2098.2000000
YNDX,D,21/11/22,00:00,2068.0000000
YNDX,D,22/11/22,00:00,2083.8000000
YNDX,D,23/11/22,00:00,2135.0000000
YNDX,D,24/11/22,00:00,2130.0000000
YNDX,D,25/11/22,00:00,2020.4000000
YNDX,D,28/11/22,00:00,1914.2000000
YNDX,D,29/11/22,00:00,1986.2000000
YNDX,D,30/11/22,00:00,1996.6000000
YNDX,D,01/12/22,00:00,1980.2000000
YNDX,D,02/12/22,00:00,1971.2000000
YNDX,D,05/12/22,00:00,1985.8000000
YNDX,D,06/12/22,00:00,1989.4000000
YNDX,D,07/12/22,00:00,1976.4000000
YNDX,D,08/12/22,00:00,1958.4000000
YNDX,D,09/12/22,00:00,1949.4000000
YNDX,D,12/12/22,00:00,1921.8000000
YNDX,D,13/12/22,00:00,1899.2000000
YNDX,D,14/12/22,00:00,1851.0000000
YNDX,D,15/12/22,00:00,1849.6000000
YNDX,D,16/12/22,00:00,1836.4000000
YNDX,D,19/12/22,00:00,1768.8000000
YNDX,D,20/12/22,00:00,1842.0000000
YNDX,D,21/12/22,00:00,1833.8000000
YNDX,D,22/12/22,00:00,1847.0000000
YNDX,D,23/12/22,00:00,1821.2000000
YNDX,D,26/12/22,00:00,1811.4000000
YNDX,D,27/12/22,00:00,1834.0000000
YNDX,D,28/12/22,00:00,1815.8000000
YNDX,D,29/12/22,00:00,1819.6000000
YNDX,D,30/12/22,00:00,1817.8000000
